allele,marker,frequency,population
2.2,CSF1PO,0,AfAm
2.2,D10S1248,0,AfAm
2.2,D12S391,0,AfAm
2.2,D13S317,0,AfAm
2.2,D16S539,0,AfAm
2.2,D18S51,0,AfAm
2.2,D19S433,0,AfAm
2.2,D1S1656,0,AfAm
2.2,D21S11,0,AfAm
2.2,D22S1045,0,AfAm
2.2,D2S1338,0,AfAm
2.2,D2S441,0,AfAm
2.2,D3S1358,0,AfAm
2.2,D5S818,0,AfAm
2.2,D6S1043,0,AfAm
2.2,D7S820,0,AfAm
2.2,D8S1179,0,AfAm
2.2,F13A01,0,AfAm
2.2,F13B,0,AfAm
2.2,FESFPS,0,AfAm
2.2,FGA,0,AfAm
2.2,LPL,0,AfAm
2.2,Penta_C,0,AfAm
2.2,Penta_D,0.114035087719298,AfAm
2.2,Penta_E,0,AfAm
2.2,SE33,0,AfAm
2.2,TH01,0,AfAm
2.2,TPOX,0,AfAm
2.2,vWA,0,AfAm
3.2,CSF1PO,0,AfAm
3.2,D10S1248,0,AfAm
3.2,D12S391,0,AfAm
3.2,D13S317,0,AfAm
3.2,D16S539,0,AfAm
3.2,D18S51,0,AfAm
3.2,D19S433,0,AfAm
3.2,D1S1656,0,AfAm
3.2,D21S11,0,AfAm
3.2,D22S1045,0,AfAm
3.2,D2S1338,0,AfAm
3.2,D2S441,0,AfAm
3.2,D3S1358,0,AfAm
3.2,D5S818,0,AfAm
3.2,D6S1043,0,AfAm
3.2,D7S820,0,AfAm
3.2,D8S1179,0,AfAm
3.2,F13A01,0.118421052631579,AfAm
3.2,F13B,0,AfAm
3.2,FESFPS,0,AfAm
3.2,FGA,0,AfAm
3.2,LPL,0,AfAm
3.2,Penta_C,0,AfAm
3.2,Penta_D,0.0087719298245614,AfAm
3.2,Penta_E,0,AfAm
3.2,SE33,0,AfAm
3.2,TH01,0,AfAm
3.2,TPOX,0,AfAm
3.2,vWA,0,AfAm
4,CSF1PO,0,AfAm
4,D10S1248,0,AfAm
4,D12S391,0,AfAm
4,D13S317,0,AfAm
4,D16S539,0,AfAm
4,D18S51,0,AfAm
4,D19S433,0,AfAm
4,D1S1656,0,AfAm
4,D21S11,0,AfAm
4,D22S1045,0,AfAm
4,D2S1338,0,AfAm
4,D2S441,0,AfAm
4,D3S1358,0,AfAm
4,D5S818,0,AfAm
4,D6S1043,0,AfAm
4,D7S820,0,AfAm
4,D8S1179,0,AfAm
4,F13A01,0.0687134502923977,AfAm
4,F13B,0,AfAm
4,FESFPS,0,AfAm
4,FGA,0,AfAm
4,LPL,0,AfAm
4,Penta_C,0,AfAm
4,Penta_D,0,AfAm
4,Penta_E,0,AfAm
4,SE33,0,AfAm
4,TH01,0,AfAm
4,TPOX,0,AfAm
4,vWA,0,AfAm
4.2,CSF1PO,0,AfAm
4.2,D10S1248,0,AfAm
4.2,D12S391,0,AfAm
4.2,D13S317,0,AfAm
4.2,D16S539,0,AfAm
4.2,D18S51,0,AfAm
4.2,D19S433,0,AfAm
4.2,D1S1656,0,AfAm
4.2,D21S11,0,AfAm
4.2,D22S1045,0,AfAm
4.2,D2S1338,0,AfAm
4.2,D2S441,0,AfAm
4.2,D3S1358,0,AfAm
4.2,D5S818,0,AfAm
4.2,D6S1043,0,AfAm
4.2,D7S820,0,AfAm
4.2,D8S1179,0,AfAm
4.2,F13A01,0.00146198830409357,AfAm
4.2,F13B,0,AfAm
4.2,FESFPS,0,AfAm
4.2,FGA,0,AfAm
4.2,LPL,0,AfAm
4.2,Penta_C,0,AfAm
4.2,Penta_D,0,AfAm
4.2,Penta_E,0,AfAm
4.2,SE33,0,AfAm
4.2,TH01,0,AfAm
4.2,TPOX,0,AfAm
4.2,vWA,0,AfAm
5,CSF1PO,0,AfAm
5,D10S1248,0,AfAm
5,D12S391,0,AfAm
5,D13S317,0,AfAm
5,D16S539,0.00146198830409357,AfAm
5,D18S51,0,AfAm
5,D19S433,0,AfAm
5,D1S1656,0,AfAm
5,D21S11,0,AfAm
5,D22S1045,0,AfAm
5,D2S1338,0,AfAm
5,D2S441,0,AfAm
5,D3S1358,0,AfAm
5,D5S818,0,AfAm
5,D6S1043,0,AfAm
5,D7S820,0,AfAm
5,D8S1179,0,AfAm
5,F13A01,0.339181286549708,AfAm
5,F13B,0,AfAm
5,FESFPS,0,AfAm
5,FGA,0,AfAm
5,LPL,0,AfAm
5,Penta_C,0.0248538011695906,AfAm
5,Penta_D,0.043859649122807,AfAm
5,Penta_E,0.0950292397660819,AfAm
5,SE33,0,AfAm
5,TH01,0.0043859649122807,AfAm
5,TPOX,0,AfAm
5,vWA,0,AfAm
6,CSF1PO,0,AfAm
6,D10S1248,0,AfAm
6,D12S391,0,AfAm
6,D13S317,0,AfAm
6,D16S539,0,AfAm
6,D18S51,0,AfAm
6,D19S433,0,AfAm
6,D1S1656,0,AfAm
6,D21S11,0,AfAm
6,D22S1045,0,AfAm
6,D2S1338,0,AfAm
6,D2S441,0,AfAm
6,D3S1358,0,AfAm
6,D5S818,0,AfAm
6,D6S1043,0,AfAm
6,D7S820,0.00146198830409357,AfAm
6,D8S1179,0,AfAm
6,F13A01,0.12719298245614,AfAm
6,F13B,0.362573099415205,AfAm
6,FESFPS,0.00146198830409357,AfAm
6,FGA,0,AfAm
6,LPL,0,AfAm
6,Penta_C,0,AfAm
6,Penta_D,0.010233918128655,AfAm
6,Penta_E,0.00146198830409357,AfAm
6,SE33,0,AfAm
6,TH01,0.131578947368421,AfAm
6,TPOX,0.0894428152492669,AfAm
6,vWA,0,AfAm
6.3,CSF1PO,0,AfAm
6.3,D10S1248,0,AfAm
6.3,D12S391,0,AfAm
6.3,D13S317,0,AfAm
6.3,D16S539,0,AfAm
6.3,D18S51,0,AfAm
6.3,D19S433,0,AfAm
6.3,D1S1656,0,AfAm
6.3,D21S11,0,AfAm
6.3,D22S1045,0,AfAm
6.3,D2S1338,0,AfAm
6.3,D2S441,0,AfAm
6.3,D3S1358,0,AfAm
6.3,D5S818,0,AfAm
6.3,D6S1043,0,AfAm
6.3,D7S820,0,AfAm
6.3,D8S1179,0,AfAm
6.3,F13A01,0,AfAm
6.3,F13B,0.00146198830409357,AfAm
6.3,FESFPS,0,AfAm
6.3,FGA,0,AfAm
6.3,LPL,0,AfAm
6.3,Penta_C,0,AfAm
6.3,Penta_D,0,AfAm
6.3,Penta_E,0,AfAm
6.3,SE33,0,AfAm
6.3,TH01,0,AfAm
6.3,TPOX,0,AfAm
6.3,vWA,0,AfAm
7,CSF1PO,0.0555555555555556,AfAm
7,D10S1248,0,AfAm
7,D12S391,0,AfAm
7,D13S317,0,AfAm
7,D16S539,0,AfAm
7,D18S51,0,AfAm
7,D19S433,0,AfAm
7,D1S1656,0,AfAm
7,D21S11,0,AfAm
7,D22S1045,0,AfAm
7,D2S1338,0,AfAm
7,D2S441,0,AfAm
7,D3S1358,0,AfAm
7,D5S818,0.00292397660818713,AfAm
7,D6S1043,0,AfAm
7,D7S820,0.0116959064327485,AfAm
7,D8S1179,0,AfAm
7,F13A01,0.197368421052632,AfAm
7,F13B,0.16812865497076,AfAm
7,FESFPS,0.00292397660818713,AfAm
7,FGA,0,AfAm
7,LPL,0.0160818713450292,AfAm
7,Penta_C,0.0160818713450292,AfAm
7,Penta_D,0.043859649122807,AfAm
7,Penta_E,0.103801169590643,AfAm
7,SE33,0.00146198830409357,AfAm
7,TH01,0.407894736842105,AfAm
7,TPOX,0.0175953079178886,AfAm
7,vWA,0,AfAm
8,CSF1PO,0.0555555555555556,AfAm
8,D10S1248,0.00292397660818713,AfAm
8,D12S391,0,AfAm
8,D13S317,0.0277777777777778,AfAm
8,D16S539,0.0321637426900585,AfAm
8,D18S51,0,AfAm
8,D19S433,0,AfAm
8,D1S1656,0,AfAm
8,D21S11,0,AfAm
8,D22S1045,0.00730994152046784,AfAm
8,D2S1338,0,AfAm
8,D2S441,0,AfAm
8,D3S1358,0,AfAm
8,D5S818,0.0467836257309942,AfAm
8,D6S1043,0,AfAm
8,D7S820,0.228070175438597,AfAm
8,D8S1179,0.00730994152046784,AfAm
8,F13A01,0.0570175438596491,AfAm
8,F13B,0.108187134502924,AfAm
8,FESFPS,0.0994152046783626,AfAm
8,FGA,0,AfAm
8,LPL,0.0043859649122807,AfAm
8,Penta_C,0.0511695906432749,AfAm
8,Penta_D,0.108187134502924,AfAm
8,Penta_E,0.166666666666667,AfAm
8,SE33,0,AfAm
8,TH01,0.195906432748538,AfAm
8,TPOX,0.368035190615836,AfAm
8,vWA,0,AfAm
8.1,CSF1PO,0,AfAm
8.1,D10S1248,0,AfAm
8.1,D12S391,0,AfAm
8.1,D13S317,0,AfAm
8.1,D16S539,0,AfAm
8.1,D18S51,0,AfAm
8.1,D19S433,0,AfAm
8.1,D1S1656,0,AfAm
8.1,D21S11,0,AfAm
8.1,D22S1045,0,AfAm
8.1,D2S1338,0,AfAm
8.1,D2S441,0,AfAm
8.1,D3S1358,0,AfAm
8.1,D5S818,0,AfAm
8.1,D6S1043,0,AfAm
8.1,D7S820,0,AfAm
8.1,D8S1179,0,AfAm
8.1,F13A01,0,AfAm
8.1,F13B,0,AfAm
8.1,FESFPS,0,AfAm
8.1,FGA,0,AfAm
8.1,LPL,0,AfAm
8.1,Penta_C,0,AfAm
8.1,Penta_D,0,AfAm
8.1,Penta_E,0,AfAm
8.1,SE33,0,AfAm
8.1,TH01,0,AfAm
8.1,TPOX,0,AfAm
8.1,vWA,0,AfAm
9,CSF1PO,0.0394736842105263,AfAm
9,D10S1248,0.00292397660818713,AfAm
9,D12S391,0,AfAm
9,D13S317,0.033625730994152,AfAm
9,D16S539,0.182748538011696,AfAm
9,D18S51,0.00292397660818713,AfAm
9,D19S433,0,AfAm
9,D1S1656,0,AfAm
9,D21S11,0,AfAm
9,D22S1045,0,AfAm
9,D2S1338,0,AfAm
9,D2S441,0.00292397660818713,AfAm
9,D3S1358,0,AfAm
9,D5S818,0.0321637426900585,AfAm
9,D6S1043,0.00146198830409357,AfAm
9,D7S820,0.115497076023392,AfAm
9,D8S1179,0.0043859649122807,AfAm
9,F13A01,0.0087719298245614,AfAm
9,F13B,0.228070175438597,AfAm
9,FESFPS,0.0277777777777778,AfAm
9,FGA,0,AfAm
9,LPL,0.130116959064328,AfAm
9,Penta_C,0.172514619883041,AfAm
9,Penta_D,0.16812865497076,AfAm
9,Penta_E,0.0511695906432749,AfAm
9,SE33,0,AfAm
9,TH01,0.159356725146199,AfAm
9,TPOX,0.195014662756598,AfAm
9,vWA,0,AfAm
9.1,CSF1PO,0,AfAm
9.1,D10S1248,0,AfAm
9.1,D12S391,0,AfAm
9.1,D13S317,0,AfAm
9.1,D16S539,0,AfAm
9.1,D18S51,0,AfAm
9.1,D19S433,0,AfAm
9.1,D1S1656,0,AfAm
9.1,D21S11,0,AfAm
9.1,D22S1045,0,AfAm
9.1,D2S1338,0,AfAm
9.1,D2S441,0,AfAm
9.1,D3S1358,0,AfAm
9.1,D5S818,0,AfAm
9.1,D6S1043,0,AfAm
9.1,D7S820,0,AfAm
9.1,D8S1179,0,AfAm
9.1,F13A01,0,AfAm
9.1,F13B,0,AfAm
9.1,FESFPS,0,AfAm
9.1,FGA,0,AfAm
9.1,LPL,0,AfAm
9.1,Penta_C,0,AfAm
9.1,Penta_D,0,AfAm
9.1,Penta_E,0,AfAm
9.1,SE33,0,AfAm
9.1,TH01,0,AfAm
9.1,TPOX,0,AfAm
9.1,vWA,0,AfAm
9.3,CSF1PO,0,AfAm
9.3,D10S1248,0,AfAm
9.3,D12S391,0,AfAm
9.3,D13S317,0,AfAm
9.3,D16S539,0,AfAm
9.3,D18S51,0,AfAm
9.3,D19S433,0,AfAm
9.3,D1S1656,0,AfAm
9.3,D21S11,0,AfAm
9.3,D22S1045,0,AfAm
9.3,D2S1338,0,AfAm
9.3,D2S441,0,AfAm
9.3,D3S1358,0,AfAm
9.3,D5S818,0,AfAm
9.3,D6S1043,0,AfAm
9.3,D7S820,0,AfAm
9.3,D8S1179,0,AfAm
9.3,F13A01,0,AfAm
9.3,F13B,0,AfAm
9.3,FESFPS,0,AfAm
9.3,FGA,0,AfAm
9.3,LPL,0,AfAm
9.3,Penta_C,0,AfAm
9.3,Penta_D,0,AfAm
9.3,Penta_E,0,AfAm
9.3,SE33,0,AfAm
9.3,TH01,0.0964912280701754,AfAm
9.3,TPOX,0,AfAm
9.3,vWA,0,AfAm
10,CSF1PO,0.25,AfAm
10,D10S1248,0.00730994152046784,AfAm
10,D12S391,0,AfAm
10,D13S317,0.0307017543859649,AfAm
10,D16S539,0.116959064327485,AfAm
10,D18S51,0.0043859649122807,AfAm
10,D19S433,0.010233918128655,AfAm
10,D1S1656,0.0146198830409357,AfAm
10,D21S11,0,AfAm
10,D22S1045,0.0409356725146199,AfAm
10,D2S1338,0,AfAm
10,D2S441,0.0847953216374269,AfAm
10,D3S1358,0,AfAm
10,D5S818,0.0730994152046784,AfAm
10,D6S1043,0.00584795321637427,AfAm
10,D7S820,0.336257309941521,AfAm
10,D8S1179,0.0307017543859649,AfAm
10,F13A01,0.00584795321637427,AfAm
10,F13B,0.128654970760234,AfAm
10,FESFPS,0.225146198830409,AfAm
10,FGA,0,AfAm
10,LPL,0.347953216374269,AfAm
10,Penta_C,0.0701754385964912,AfAm
10,Penta_D,0.0994152046783626,AfAm
10,Penta_E,0.0467836257309942,AfAm
10,SE33,0,AfAm
10,TH01,0.0043859649122807,AfAm
10,TPOX,0.0865102639296188,AfAm
10,vWA,0,AfAm
10.1,CSF1PO,0,AfAm
10.1,D10S1248,0,AfAm
10.1,D12S391,0,AfAm
10.1,D13S317,0,AfAm
10.1,D16S539,0,AfAm
10.1,D18S51,0,AfAm
10.1,D19S433,0,AfAm
10.1,D1S1656,0,AfAm
10.1,D21S11,0,AfAm
10.1,D22S1045,0,AfAm
10.1,D2S1338,0,AfAm
10.1,D2S441,0,AfAm
10.1,D3S1358,0,AfAm
10.1,D5S818,0,AfAm
10.1,D6S1043,0,AfAm
10.1,D7S820,0,AfAm
10.1,D8S1179,0,AfAm
10.1,F13A01,0,AfAm
10.1,F13B,0,AfAm
10.1,FESFPS,0,AfAm
10.1,FGA,0,AfAm
10.1,LPL,0,AfAm
10.1,Penta_C,0.00146198830409357,AfAm
10.1,Penta_D,0,AfAm
10.1,Penta_E,0,AfAm
10.1,SE33,0,AfAm
10.1,TH01,0,AfAm
10.1,TPOX,0,AfAm
10.1,vWA,0,AfAm
10.2,CSF1PO,0,AfAm
10.2,D10S1248,0,AfAm
10.2,D12S391,0,AfAm
10.2,D13S317,0,AfAm
10.2,D16S539,0,AfAm
10.2,D18S51,0,AfAm
10.2,D19S433,0,AfAm
10.2,D1S1656,0,AfAm
10.2,D21S11,0,AfAm
10.2,D22S1045,0,AfAm
10.2,D2S1338,0,AfAm
10.2,D2S441,0,AfAm
10.2,D3S1358,0,AfAm
10.2,D5S818,0,AfAm
10.2,D6S1043,0,AfAm
10.2,D7S820,0,AfAm
10.2,D8S1179,0,AfAm
10.2,F13A01,0,AfAm
10.2,F13B,0,AfAm
10.2,FESFPS,0,AfAm
10.2,FGA,0,AfAm
10.2,LPL,0,AfAm
10.2,Penta_C,0,AfAm
10.2,Penta_D,0,AfAm
10.2,Penta_E,0,AfAm
10.2,SE33,0.00146198830409357,AfAm
10.2,TH01,0,AfAm
10.2,TPOX,0,AfAm
10.2,vWA,0,AfAm
10.3,CSF1PO,0,AfAm
10.3,D10S1248,0,AfAm
10.3,D12S391,0,AfAm
10.3,D13S317,0,AfAm
10.3,D16S539,0,AfAm
10.3,D18S51,0,AfAm
10.3,D19S433,0,AfAm
10.3,D1S1656,0,AfAm
10.3,D21S11,0,AfAm
10.3,D22S1045,0,AfAm
10.3,D2S1338,0,AfAm
10.3,D2S441,0,AfAm
10.3,D3S1358,0,AfAm
10.3,D5S818,0,AfAm
10.3,D6S1043,0,AfAm
10.3,D7S820,0,AfAm
10.3,D8S1179,0,AfAm
10.3,F13A01,0,AfAm
10.3,F13B,0,AfAm
10.3,FESFPS,0.0423976608187134,AfAm
10.3,FGA,0,AfAm
10.3,LPL,0,AfAm
10.3,Penta_C,0,AfAm
10.3,Penta_D,0,AfAm
10.3,Penta_E,0,AfAm
10.3,SE33,0,AfAm
10.3,TH01,0,AfAm
10.3,TPOX,0,AfAm
10.3,vWA,0,AfAm
11,CSF1PO,0.248538011695906,AfAm
11,D10S1248,0.0350877192982456,AfAm
11,D12S391,0,AfAm
11,D13S317,0.309941520467836,AfAm
11,D16S539,0.314327485380117,AfAm
11,D18S51,0.00146198830409357,AfAm
11,D19S433,0.0628654970760234,AfAm
11,D1S1656,0.0453216374269006,AfAm
11,D21S11,0,AfAm
11,D22S1045,0.144736842105263,AfAm
11,D2S1338,0,AfAm
11,D2S441,0.362573099415205,AfAm
11,D3S1358,0,AfAm
11,D5S818,0.233918128654971,AfAm
11,D6S1043,0.153508771929825,AfAm
11,D7S820,0.203216374269006,AfAm
11,D8S1179,0.0526315789473684,AfAm
11,F13A01,0.00730994152046784,AfAm
11,F13B,0.00292397660818713,AfAm
11,FESFPS,0.327485380116959,AfAm
11,FGA,0,AfAm
11,LPL,0.124269005847953,AfAm
11,Penta_C,0.277777777777778,AfAm
11,Penta_D,0.179824561403509,AfAm
11,Penta_E,0.064327485380117,AfAm
11,SE33,0,AfAm
11,TH01,0,AfAm
11,TPOX,0.215542521994135,AfAm
11,vWA,0.00292397660818713,AfAm
11.2,CSF1PO,0,AfAm
11.2,D10S1248,0,AfAm
11.2,D12S391,0,AfAm
11.2,D13S317,0,AfAm
11.2,D16S539,0,AfAm
11.2,D18S51,0,AfAm
11.2,D19S433,0,AfAm
11.2,D1S1656,0,AfAm
11.2,D21S11,0,AfAm
11.2,D22S1045,0,AfAm
11.2,D2S1338,0,AfAm
11.2,D2S441,0,AfAm
11.2,D3S1358,0,AfAm
11.2,D5S818,0,AfAm
11.2,D6S1043,0,AfAm
11.2,D7S820,0,AfAm
11.2,D8S1179,0,AfAm
11.2,F13A01,0,AfAm
11.2,F13B,0,AfAm
11.2,FESFPS,0,AfAm
11.2,FGA,0,AfAm
11.2,LPL,0,AfAm
11.2,Penta_C,0,AfAm
11.2,Penta_D,0,AfAm
11.2,Penta_E,0,AfAm
11.2,SE33,0.00292397660818713,AfAm
11.2,TH01,0,AfAm
11.2,TPOX,0,AfAm
11.2,vWA,0,AfAm
11.3,CSF1PO,0,AfAm
11.3,D10S1248,0,AfAm
11.3,D12S391,0,AfAm
11.3,D13S317,0,AfAm
11.3,D16S539,0,AfAm
11.3,D18S51,0,AfAm
11.3,D19S433,0,AfAm
11.3,D1S1656,0,AfAm
11.3,D21S11,0,AfAm
11.3,D22S1045,0,AfAm
11.3,D2S1338,0,AfAm
11.3,D2S441,0.043859649122807,AfAm
11.3,D3S1358,0,AfAm
11.3,D5S818,0,AfAm
11.3,D6S1043,0,AfAm
11.3,D7S820,0,AfAm
11.3,D8S1179,0,AfAm
11.3,F13A01,0,AfAm
11.3,F13B,0,AfAm
11.3,FESFPS,0.00292397660818713,AfAm
11.3,FGA,0,AfAm
11.3,LPL,0,AfAm
11.3,Penta_C,0,AfAm
11.3,Penta_D,0,AfAm
11.3,Penta_E,0,AfAm
11.3,SE33,0,AfAm
11.3,TH01,0,AfAm
11.3,TPOX,0,AfAm
11.3,vWA,0,AfAm
12,CSF1PO,0.295321637426901,AfAm
12,D10S1248,0.130116959064328,AfAm
12,D12S391,0,AfAm
12,D13S317,0.41812865497076,AfAm
12,D16S539,0.204678362573099,AfAm
12,D18S51,0.0760233918128655,AfAm
12,D19S433,0.12280701754386,AfAm
12,D1S1656,0.064327485380117,AfAm
12,D21S11,0,AfAm
12,D22S1045,0.054093567251462,AfAm
12,D2S1338,0,AfAm
12,D2S441,0.165204678362573,AfAm
12,D3S1358,0.0043859649122807,AfAm
12,D5S818,0.368421052631579,AfAm
12,D6S1043,0.223684210526316,AfAm
12,D7S820,0.087719298245614,AfAm
12,D8S1179,0.130116959064328,AfAm
12,F13A01,0.0043859649122807,AfAm
12,F13B,0,AfAm
12,FESFPS,0.226608187134503,AfAm
12,FGA,0,AfAm
12,LPL,0.295321637426901,AfAm
12,Penta_C,0.25,AfAm
12,Penta_D,0.108187134502924,AfAm
12,Penta_E,0.128654970760234,AfAm
12,SE33,0.00292397660818713,AfAm
12,TH01,0,AfAm
12,TPOX,0.0263929618768328,AfAm
12,vWA,0.00146198830409357,AfAm
12.2,CSF1PO,0,AfAm
12.2,D10S1248,0,AfAm
12.2,D12S391,0,AfAm
12.2,D13S317,0,AfAm
12.2,D16S539,0,AfAm
12.2,D18S51,0,AfAm
12.2,D19S433,0.0365497076023392,AfAm
12.2,D1S1656,0,AfAm
12.2,D21S11,0,AfAm
12.2,D22S1045,0,AfAm
12.2,D2S1338,0,AfAm
12.2,D2S441,0,AfAm
12.2,D3S1358,0,AfAm
12.2,D5S818,0,AfAm
12.2,D6S1043,0,AfAm
12.2,D7S820,0,AfAm
12.2,D8S1179,0,AfAm
12.2,F13A01,0,AfAm
12.2,F13B,0,AfAm
12.2,FESFPS,0,AfAm
12.2,FGA,0,AfAm
12.2,LPL,0,AfAm
12.2,Penta_C,0,AfAm
12.2,Penta_D,0,AfAm
12.2,Penta_E,0,AfAm
12.2,SE33,0.00292397660818713,AfAm
12.2,TH01,0,AfAm
12.2,TPOX,0,AfAm
12.2,vWA,0,AfAm
12.3,CSF1PO,0,AfAm
12.3,D10S1248,0,AfAm
12.3,D12S391,0,AfAm
12.3,D13S317,0,AfAm
12.3,D16S539,0,AfAm
12.3,D18S51,0,AfAm
12.3,D19S433,0,AfAm
12.3,D1S1656,0,AfAm
12.3,D21S11,0,AfAm
12.3,D22S1045,0,AfAm
12.3,D2S1338,0,AfAm
12.3,D2S441,0.00584795321637427,AfAm
12.3,D3S1358,0,AfAm
12.3,D5S818,0,AfAm
12.3,D6S1043,0,AfAm
12.3,D7S820,0,AfAm
12.3,D8S1179,0,AfAm
12.3,F13A01,0,AfAm
12.3,F13B,0,AfAm
12.3,FESFPS,0,AfAm
12.3,FGA,0,AfAm
12.3,LPL,0,AfAm
12.3,Penta_C,0,AfAm
12.3,Penta_D,0,AfAm
12.3,Penta_E,0,AfAm
12.3,SE33,0,AfAm
12.3,TH01,0,AfAm
12.3,TPOX,0,AfAm
12.3,vWA,0,AfAm
13,CSF1PO,0.0467836257309942,AfAm
13,D10S1248,0.233918128654971,AfAm
13,D12S391,0,AfAm
13,D13S317,0.140350877192982,AfAm
13,D16S539,0.12280701754386,AfAm
13,D18S51,0.0409356725146199,AfAm
13,D19S433,0.245614035087719,AfAm
13,D1S1656,0.100877192982456,AfAm
13,D21S11,0,AfAm
13,D22S1045,0.00292397660818713,AfAm
13,D2S1338,0,AfAm
13,D2S441,0.043859649122807,AfAm
13,D3S1358,0.00292397660818713,AfAm
13,D5S818,0.223684210526316,AfAm
13,D6S1043,0.097953216374269,AfAm
13,D7S820,0.0146198830409357,AfAm
13,D8S1179,0.219298245614035,AfAm
13,F13A01,0.033625730994152,AfAm
13,F13B,0,AfAm
13,FESFPS,0.043859649122807,AfAm
13,FGA,0,AfAm
13,LPL,0.0745614035087719,AfAm
13,Penta_C,0.087719298245614,AfAm
13,Penta_D,0.0833333333333333,AfAm
13,Penta_E,0.103801169590643,AfAm
13,SE33,0.0116959064327485,AfAm
13,TH01,0,AfAm
13,TPOX,0.00146627565982405,AfAm
13,vWA,0.0087719298245614,AfAm
13.2,CSF1PO,0,AfAm
13.2,D10S1248,0,AfAm
13.2,D12S391,0,AfAm
13.2,D13S317,0,AfAm
13.2,D16S539,0,AfAm
13.2,D18S51,0.0043859649122807,AfAm
13.2,D19S433,0.0526315789473684,AfAm
13.2,D1S1656,0,AfAm
13.2,D21S11,0,AfAm
13.2,D22S1045,0,AfAm
13.2,D2S1338,0,AfAm
13.2,D2S441,0,AfAm
13.2,D3S1358,0,AfAm
13.2,D5S818,0,AfAm
13.2,D6S1043,0,AfAm
13.2,D7S820,0,AfAm
13.2,D8S1179,0,AfAm
13.2,F13A01,0,AfAm
13.2,F13B,0,AfAm
13.2,FESFPS,0,AfAm
13.2,FGA,0,AfAm
13.2,LPL,0,AfAm
13.2,Penta_C,0,AfAm
13.2,Penta_D,0,AfAm
13.2,Penta_E,0,AfAm
13.2,SE33,0.00584795321637427,AfAm
13.2,TH01,0,AfAm
13.2,TPOX,0,AfAm
13.2,vWA,0,AfAm
13.3,CSF1PO,0,AfAm
13.3,D10S1248,0,AfAm
13.3,D12S391,0,AfAm
13.3,D13S317,0,AfAm
13.3,D16S539,0,AfAm
13.3,D18S51,0,AfAm
13.3,D19S433,0,AfAm
13.3,D1S1656,0,AfAm
13.3,D21S11,0,AfAm
13.3,D22S1045,0,AfAm
13.3,D2S1338,0,AfAm
13.3,D2S441,0.00292397660818713,AfAm
13.3,D3S1358,0,AfAm
13.3,D5S818,0,AfAm
13.3,D6S1043,0,AfAm
13.3,D7S820,0,AfAm
13.3,D8S1179,0,AfAm
13.3,F13A01,0,AfAm
13.3,F13B,0,AfAm
13.3,FESFPS,0,AfAm
13.3,FGA,0,AfAm
13.3,LPL,0,AfAm
13.3,Penta_C,0,AfAm
13.3,Penta_D,0,AfAm
13.3,Penta_E,0,AfAm
13.3,SE33,0,AfAm
13.3,TH01,0,AfAm
13.3,TPOX,0,AfAm
13.3,vWA,0,AfAm
13.4,CSF1PO,0,AfAm
13.4,D10S1248,0,AfAm
13.4,D12S391,0,AfAm
13.4,D13S317,0,AfAm
13.4,D16S539,0,AfAm
13.4,D18S51,0,AfAm
13.4,D19S433,0,AfAm
13.4,D1S1656,0,AfAm
13.4,D21S11,0,AfAm
13.4,D22S1045,0,AfAm
13.4,D2S1338,0,AfAm
13.4,D2S441,0,AfAm
13.4,D3S1358,0,AfAm
13.4,D5S818,0,AfAm
13.4,D6S1043,0,AfAm
13.4,D7S820,0,AfAm
13.4,D8S1179,0,AfAm
13.4,F13A01,0,AfAm
13.4,F13B,0,AfAm
13.4,FESFPS,0,AfAm
13.4,FGA,0,AfAm
13.4,LPL,0,AfAm
13.4,Penta_C,0,AfAm
13.4,Penta_D,0.00146198830409357,AfAm
13.4,Penta_E,0,AfAm
13.4,SE33,0,AfAm
13.4,TH01,0,AfAm
13.4,TPOX,0,AfAm
13.4,vWA,0,AfAm
14,CSF1PO,0.0087719298245614,AfAm
14,D10S1248,0.276315789473684,AfAm
14,D12S391,0.00146198830409357,AfAm
14,D13S317,0.0394736842105263,AfAm
14,D16S539,0.0248538011695906,AfAm
14,D18S51,0.0716374269005848,AfAm
14,D19S433,0.210526315789474,AfAm
14,D1S1656,0.257309941520468,AfAm
14,D21S11,0,AfAm
14,D22S1045,0.0774853801169591,AfAm
14,D2S1338,0,AfAm
14,D2S441,0.267543859649123,AfAm
14,D3S1358,0.0906432748538012,AfAm
14,D5S818,0.0160818713450292,AfAm
14,D6S1043,0.0584795321637427,AfAm
14,D7S820,0.00146198830409357,AfAm
14,D8S1179,0.293859649122807,AfAm
14,F13A01,0.0175438596491228,AfAm
14,F13B,0,AfAm
14,FESFPS,0,AfAm
14,FGA,0,AfAm
14,LPL,0.00730994152046784,AfAm
14,Penta_C,0.0394736842105263,AfAm
14,Penta_D,0.0248538011695906,AfAm
14,Penta_E,0.0687134502923977,AfAm
14,SE33,0.0511695906432749,AfAm
14,TH01,0,AfAm
14,TPOX,0,AfAm
14,vWA,0.0804093567251462,AfAm
14.2,CSF1PO,0,AfAm
14.2,D10S1248,0,AfAm
14.2,D12S391,0,AfAm
14.2,D13S317,0,AfAm
14.2,D16S539,0,AfAm
14.2,D18S51,0,AfAm
14.2,D19S433,0.0745614035087719,AfAm
14.2,D1S1656,0,AfAm
14.2,D21S11,0,AfAm
14.2,D22S1045,0,AfAm
14.2,D2S1338,0,AfAm
14.2,D2S441,0,AfAm
14.2,D3S1358,0,AfAm
14.2,D5S818,0,AfAm
14.2,D6S1043,0,AfAm
14.2,D7S820,0,AfAm
14.2,D8S1179,0,AfAm
14.2,F13A01,0,AfAm
14.2,F13B,0,AfAm
14.2,FESFPS,0,AfAm
14.2,FGA,0,AfAm
14.2,LPL,0,AfAm
14.2,Penta_C,0,AfAm
14.2,Penta_D,0,AfAm
14.2,Penta_E,0,AfAm
14.2,SE33,0.00584795321637427,AfAm
14.2,TH01,0,AfAm
14.2,TPOX,0,AfAm
14.2,vWA,0,AfAm
14.3,CSF1PO,0,AfAm
14.3,D10S1248,0,AfAm
14.3,D12S391,0,AfAm
14.3,D13S317,0,AfAm
14.3,D16S539,0,AfAm
14.3,D18S51,0,AfAm
14.3,D19S433,0,AfAm
14.3,D1S1656,0.00730994152046784,AfAm
14.3,D21S11,0,AfAm
14.3,D22S1045,0,AfAm
14.3,D2S1338,0,AfAm
14.3,D2S441,0.00146198830409357,AfAm
14.3,D3S1358,0,AfAm
14.3,D5S818,0,AfAm
14.3,D6S1043,0,AfAm
14.3,D7S820,0,AfAm
14.3,D8S1179,0,AfAm
14.3,F13A01,0,AfAm
14.3,F13B,0,AfAm
14.3,FESFPS,0,AfAm
14.3,FGA,0,AfAm
14.3,LPL,0,AfAm
14.3,Penta_C,0,AfAm
14.3,Penta_D,0,AfAm
14.3,Penta_E,0,AfAm
14.3,SE33,0,AfAm
14.3,TH01,0,AfAm
14.3,TPOX,0,AfAm
14.3,vWA,0,AfAm
15,CSF1PO,0,AfAm
15,D10S1248,0.197368421052632,AfAm
15,D12S391,0.0774853801169591,AfAm
15,D13S317,0,AfAm
15,D16S539,0,AfAm
15,D18S51,0.165204678362573,AfAm
15,D19S433,0.0804093567251462,AfAm
15,D1S1656,0.157894736842105,AfAm
15,D21S11,0,AfAm
15,D22S1045,0.251461988304094,AfAm
15,D2S1338,0.00146198830409357,AfAm
15,D2S441,0.0190058479532164,AfAm
15,D3S1358,0.308479532163743,AfAm
15,D5S818,0.00292397660818713,AfAm
15,D6S1043,0.0526315789473684,AfAm
15,D7S820,0,AfAm
15,D8S1179,0.190058479532164,AfAm
15,F13A01,0.0131578947368421,AfAm
15,F13B,0,AfAm
15,FESFPS,0,AfAm
15,FGA,0,AfAm
15,LPL,0,AfAm
15,Penta_C,0.00584795321637427,AfAm
15,Penta_D,0.0043859649122807,AfAm
15,Penta_E,0.0555555555555556,AfAm
15,SE33,0.043859649122807,AfAm
15,TH01,0,AfAm
15,TPOX,0,AfAm
15,vWA,0.191520467836257,AfAm
15.2,CSF1PO,0,AfAm
15.2,D10S1248,0,AfAm
15.2,D12S391,0,AfAm
15.2,D13S317,0,AfAm
15.2,D16S539,0,AfAm
15.2,D18S51,0.00146198830409357,AfAm
15.2,D19S433,0.0614035087719298,AfAm
15.2,D1S1656,0,AfAm
15.2,D21S11,0,AfAm
15.2,D22S1045,0,AfAm
15.2,D2S1338,0,AfAm
15.2,D2S441,0,AfAm
15.2,D3S1358,0.00146198830409357,AfAm
15.2,D5S818,0,AfAm
15.2,D6S1043,0,AfAm
15.2,D7S820,0,AfAm
15.2,D8S1179,0,AfAm
15.2,F13A01,0,AfAm
15.2,F13B,0,AfAm
15.2,FESFPS,0,AfAm
15.2,FGA,0,AfAm
15.2,LPL,0,AfAm
15.2,Penta_C,0,AfAm
15.2,Penta_D,0,AfAm
15.2,Penta_E,0,AfAm
15.2,SE33,0.00292397660818713,AfAm
15.2,TH01,0,AfAm
15.2,TPOX,0,AfAm
15.2,vWA,0,AfAm
15.3,CSF1PO,0,AfAm
15.3,D10S1248,0,AfAm
15.3,D12S391,0,AfAm
15.3,D13S317,0,AfAm
15.3,D16S539,0,AfAm
15.3,D18S51,0,AfAm
15.3,D19S433,0,AfAm
15.3,D1S1656,0.0292397660818713,AfAm
15.3,D21S11,0,AfAm
15.3,D22S1045,0,AfAm
15.3,D2S1338,0,AfAm
15.3,D2S441,0,AfAm
15.3,D3S1358,0,AfAm
15.3,D5S818,0,AfAm
15.3,D6S1043,0,AfAm
15.3,D7S820,0,AfAm
15.3,D8S1179,0,AfAm
15.3,F13A01,0,AfAm
15.3,F13B,0,AfAm
15.3,FESFPS,0,AfAm
15.3,FGA,0,AfAm
15.3,LPL,0,AfAm
15.3,Penta_C,0,AfAm
15.3,Penta_D,0,AfAm
15.3,Penta_E,0,AfAm
15.3,SE33,0,AfAm
15.3,TH01,0,AfAm
15.3,TPOX,0,AfAm
15.3,vWA,0,AfAm
15.4,CSF1PO,0,AfAm
15.4,D10S1248,0,AfAm
15.4,D12S391,0,AfAm
15.4,D13S317,0,AfAm
15.4,D16S539,0,AfAm
15.4,D18S51,0,AfAm
15.4,D19S433,0,AfAm
15.4,D1S1656,0,AfAm
15.4,D21S11,0,AfAm
15.4,D22S1045,0,AfAm
15.4,D2S1338,0,AfAm
15.4,D2S441,0,AfAm
15.4,D3S1358,0,AfAm
15.4,D5S818,0,AfAm
15.4,D6S1043,0,AfAm
15.4,D7S820,0,AfAm
15.4,D8S1179,0,AfAm
15.4,F13A01,0,AfAm
15.4,F13B,0,AfAm
15.4,FESFPS,0,AfAm
15.4,FGA,0,AfAm
15.4,LPL,0,AfAm
15.4,Penta_C,0,AfAm
15.4,Penta_D,0,AfAm
15.4,Penta_E,0,AfAm
15.4,SE33,0,AfAm
15.4,TH01,0,AfAm
15.4,TPOX,0,AfAm
15.4,vWA,0,AfAm
16,CSF1PO,0,AfAm
16,D10S1248,0.087719298245614,AfAm
16,D12S391,0.0672514619883041,AfAm
16,D13S317,0,AfAm
16,D16S539,0,AfAm
16,D18S51,0.171052631578947,AfAm
16,D19S433,0.0043859649122807,AfAm
16,D1S1656,0.109649122807018,AfAm
16,D21S11,0,AfAm
16,D22S1045,0.191520467836257,AfAm
16,D2S1338,0.0555555555555556,AfAm
16,D2S441,0,AfAm
16,D3S1358,0.318713450292398,AfAm
16,D5S818,0,AfAm
16,D6S1043,0.0160818713450292,AfAm
16,D7S820,0,AfAm
16,D8S1179,0.064327485380117,AfAm
16,F13A01,0,AfAm
16,F13B,0,AfAm
16,FESFPS,0,AfAm
16,FGA,0,AfAm
16,LPL,0,AfAm
16,Penta_C,0.00292397660818713,AfAm
16,Penta_D,0,AfAm
16,Penta_E,0.0409356725146199,AfAm
16,SE33,0.0482456140350877,AfAm
16,TH01,0,AfAm
16,TPOX,0,AfAm
16,vWA,0.25,AfAm
16.2,CSF1PO,0,AfAm
16.2,D10S1248,0,AfAm
16.2,D12S391,0,AfAm
16.2,D13S317,0,AfAm
16.2,D16S539,0,AfAm
16.2,D18S51,0,AfAm
16.2,D19S433,0.0263157894736842,AfAm
16.2,D1S1656,0,AfAm
16.2,D21S11,0,AfAm
16.2,D22S1045,0,AfAm
16.2,D2S1338,0,AfAm
16.2,D2S441,0,AfAm
16.2,D3S1358,0,AfAm
16.2,D5S818,0,AfAm
16.2,D6S1043,0,AfAm
16.2,D7S820,0,AfAm
16.2,D8S1179,0,AfAm
16.2,F13A01,0,AfAm
16.2,F13B,0,AfAm
16.2,FESFPS,0,AfAm
16.2,FGA,0.00146198830409357,AfAm
16.2,LPL,0,AfAm
16.2,Penta_C,0,AfAm
16.2,Penta_D,0,AfAm
16.2,Penta_E,0,AfAm
16.2,SE33,0.0043859649122807,AfAm
16.2,TH01,0,AfAm
16.2,TPOX,0,AfAm
16.2,vWA,0,AfAm
16.3,CSF1PO,0,AfAm
16.3,D10S1248,0,AfAm
16.3,D12S391,0,AfAm
16.3,D13S317,0,AfAm
16.3,D16S539,0,AfAm
16.3,D18S51,0,AfAm
16.3,D19S433,0,AfAm
16.3,D1S1656,0.10233918128655,AfAm
16.3,D21S11,0,AfAm
16.3,D22S1045,0,AfAm
16.3,D2S1338,0,AfAm
16.3,D2S441,0,AfAm
16.3,D3S1358,0,AfAm
16.3,D5S818,0,AfAm
16.3,D6S1043,0,AfAm
16.3,D7S820,0,AfAm
16.3,D8S1179,0,AfAm
16.3,F13A01,0,AfAm
16.3,F13B,0,AfAm
16.3,FESFPS,0,AfAm
16.3,FGA,0,AfAm
16.3,LPL,0,AfAm
16.3,Penta_C,0,AfAm
16.3,Penta_D,0,AfAm
16.3,Penta_E,0,AfAm
16.3,SE33,0,AfAm
16.3,TH01,0,AfAm
16.3,TPOX,0,AfAm
16.3,vWA,0,AfAm
17,CSF1PO,0,AfAm
17,D10S1248,0.0248538011695906,AfAm
17,D12S391,0.166666666666667,AfAm
17,D13S317,0,AfAm
17,D16S539,0,AfAm
17,D18S51,0.152046783625731,AfAm
17,D19S433,0,AfAm
17,D1S1656,0.0277777777777778,AfAm
17,D21S11,0,AfAm
17,D22S1045,0.20906432748538,AfAm
17,D2S1338,0.100877192982456,AfAm
17,D2S441,0,AfAm
17,D3S1358,0.211988304093567,AfAm
17,D5S818,0,AfAm
17,D6S1043,0.0570175438596491,AfAm
17,D7S820,0,AfAm
17,D8S1179,0.0043859649122807,AfAm
17,F13A01,0,AfAm
17,F13B,0,AfAm
17,FESFPS,0,AfAm
17,FGA,0,AfAm
17,LPL,0,AfAm
17,Penta_C,0,AfAm
17,Penta_D,0.00146198830409357,AfAm
17,Penta_E,0.043859649122807,AfAm
17,SE33,0.0950292397660819,AfAm
17,TH01,0,AfAm
17,TPOX,0,AfAm
17,vWA,0.235380116959064,AfAm
17.1,CSF1PO,0,AfAm
17.1,D10S1248,0,AfAm
17.1,D12S391,0.0043859649122807,AfAm
17.1,D13S317,0,AfAm
17.1,D16S539,0,AfAm
17.1,D18S51,0,AfAm
17.1,D19S433,0,AfAm
17.1,D1S1656,0,AfAm
17.1,D21S11,0,AfAm
17.1,D22S1045,0,AfAm
17.1,D2S1338,0,AfAm
17.1,D2S441,0,AfAm
17.1,D3S1358,0,AfAm
17.1,D5S818,0,AfAm
17.1,D6S1043,0,AfAm
17.1,D7S820,0,AfAm
17.1,D8S1179,0,AfAm
17.1,F13A01,0,AfAm
17.1,F13B,0,AfAm
17.1,FESFPS,0,AfAm
17.1,FGA,0,AfAm
17.1,LPL,0,AfAm
17.1,Penta_C,0,AfAm
17.1,Penta_D,0,AfAm
17.1,Penta_E,0,AfAm
17.1,SE33,0,AfAm
17.1,TH01,0,AfAm
17.1,TPOX,0,AfAm
17.1,vWA,0,AfAm
17.2,CSF1PO,0,AfAm
17.2,D10S1248,0,AfAm
17.2,D12S391,0,AfAm
17.2,D13S317,0,AfAm
17.2,D16S539,0,AfAm
17.2,D18S51,0,AfAm
17.2,D19S433,0.0087719298245614,AfAm
17.2,D1S1656,0,AfAm
17.2,D21S11,0,AfAm
17.2,D22S1045,0,AfAm
17.2,D2S1338,0,AfAm
17.2,D2S441,0,AfAm
17.2,D3S1358,0,AfAm
17.2,D5S818,0,AfAm
17.2,D6S1043,0,AfAm
17.2,D7S820,0,AfAm
17.2,D8S1179,0,AfAm
17.2,F13A01,0,AfAm
17.2,F13B,0,AfAm
17.2,FESFPS,0,AfAm
17.2,FGA,0.00146198830409357,AfAm
17.2,LPL,0,AfAm
17.2,Penta_C,0,AfAm
17.2,Penta_D,0,AfAm
17.2,Penta_E,0,AfAm
17.2,SE33,0.00146198830409357,AfAm
17.2,TH01,0,AfAm
17.2,TPOX,0,AfAm
17.2,vWA,0,AfAm
17.3,CSF1PO,0,AfAm
17.3,D10S1248,0,AfAm
17.3,D12S391,0.0043859649122807,AfAm
17.3,D13S317,0,AfAm
17.3,D16S539,0,AfAm
17.3,D18S51,0,AfAm
17.3,D19S433,0,AfAm
17.3,D1S1656,0.0497076023391813,AfAm
17.3,D21S11,0,AfAm
17.3,D22S1045,0,AfAm
17.3,D2S1338,0,AfAm
17.3,D2S441,0,AfAm
17.3,D3S1358,0,AfAm
17.3,D5S818,0,AfAm
17.3,D6S1043,0,AfAm
17.3,D7S820,0,AfAm
17.3,D8S1179,0,AfAm
17.3,F13A01,0,AfAm
17.3,F13B,0,AfAm
17.3,FESFPS,0,AfAm
17.3,FGA,0,AfAm
17.3,LPL,0,AfAm
17.3,Penta_C,0,AfAm
17.3,Penta_D,0,AfAm
17.3,Penta_E,0,AfAm
17.3,SE33,0.00146198830409357,AfAm
17.3,TH01,0,AfAm
17.3,TPOX,0,AfAm
17.3,vWA,0,AfAm
18,CSF1PO,0,AfAm
18,D10S1248,0.00146198830409357,AfAm
18,D12S391,0.252923976608187,AfAm
18,D13S317,0,AfAm
18,D16S539,0,AfAm
18,D18S51,0.121345029239766,AfAm
18,D19S433,0,AfAm
18,D1S1656,0.00292397660818713,AfAm
18,D21S11,0,AfAm
18,D22S1045,0.0146198830409357,AfAm
18,D2S1338,0.0423976608187134,AfAm
18,D2S441,0,AfAm
18,D3S1358,0.0570175438596491,AfAm
18,D5S818,0,AfAm
18,D6S1043,0.108187134502924,AfAm
18,D7S820,0,AfAm
18,D8S1179,0.00292397660818713,AfAm
18,F13A01,0,AfAm
18,F13B,0,AfAm
18,FESFPS,0,AfAm
18,FGA,0.00146198830409357,AfAm
18,LPL,0,AfAm
18,Penta_C,0,AfAm
18,Penta_D,0,AfAm
18,Penta_E,0.0160818713450292,AfAm
18,SE33,0.119883040935673,AfAm
18,TH01,0,AfAm
18,TPOX,0,AfAm
18,vWA,0.149122807017544,AfAm
18.1,CSF1PO,0,AfAm
18.1,D10S1248,0,AfAm
18.1,D12S391,0.00146198830409357,AfAm
18.1,D13S317,0,AfAm
18.1,D16S539,0,AfAm
18.1,D18S51,0,AfAm
18.1,D19S433,0,AfAm
18.1,D1S1656,0,AfAm
18.1,D21S11,0,AfAm
18.1,D22S1045,0,AfAm
18.1,D2S1338,0,AfAm
18.1,D2S441,0,AfAm
18.1,D3S1358,0,AfAm
18.1,D5S818,0,AfAm
18.1,D6S1043,0,AfAm
18.1,D7S820,0,AfAm
18.1,D8S1179,0,AfAm
18.1,F13A01,0,AfAm
18.1,F13B,0,AfAm
18.1,FESFPS,0,AfAm
18.1,FGA,0,AfAm
18.1,LPL,0,AfAm
18.1,Penta_C,0,AfAm
18.1,Penta_D,0,AfAm
18.1,Penta_E,0,AfAm
18.1,SE33,0,AfAm
18.1,TH01,0,AfAm
18.1,TPOX,0,AfAm
18.1,vWA,0,AfAm
18.2,CSF1PO,0,AfAm
18.2,D10S1248,0,AfAm
18.2,D12S391,0,AfAm
18.2,D13S317,0,AfAm
18.2,D16S539,0,AfAm
18.2,D18S51,0,AfAm
18.2,D19S433,0.00292397660818713,AfAm
18.2,D1S1656,0,AfAm
18.2,D21S11,0,AfAm
18.2,D22S1045,0,AfAm
18.2,D2S1338,0,AfAm
18.2,D2S441,0,AfAm
18.2,D3S1358,0,AfAm
18.2,D5S818,0,AfAm
18.2,D6S1043,0,AfAm
18.2,D7S820,0,AfAm
18.2,D8S1179,0,AfAm
18.2,F13A01,0,AfAm
18.2,F13B,0,AfAm
18.2,FESFPS,0,AfAm
18.2,FGA,0.0175438596491228,AfAm
18.2,LPL,0,AfAm
18.2,Penta_C,0,AfAm
18.2,Penta_D,0,AfAm
18.2,Penta_E,0,AfAm
18.2,SE33,0,AfAm
18.2,TH01,0,AfAm
18.2,TPOX,0,AfAm
18.2,vWA,0,AfAm
18.3,CSF1PO,0,AfAm
18.3,D10S1248,0,AfAm
18.3,D12S391,0.0043859649122807,AfAm
18.3,D13S317,0,AfAm
18.3,D16S539,0,AfAm
18.3,D18S51,0,AfAm
18.3,D19S433,0,AfAm
18.3,D1S1656,0.0233918128654971,AfAm
18.3,D21S11,0,AfAm
18.3,D22S1045,0,AfAm
18.3,D2S1338,0,AfAm
18.3,D2S441,0,AfAm
18.3,D3S1358,0,AfAm
18.3,D5S818,0,AfAm
18.3,D6S1043,0.00146198830409357,AfAm
18.3,D7S820,0,AfAm
18.3,D8S1179,0,AfAm
18.3,F13A01,0,AfAm
18.3,F13B,0,AfAm
18.3,FESFPS,0,AfAm
18.3,FGA,0,AfAm
18.3,LPL,0,AfAm
18.3,Penta_C,0,AfAm
18.3,Penta_D,0,AfAm
18.3,Penta_E,0,AfAm
18.3,SE33,0,AfAm
18.3,TH01,0,AfAm
18.3,TPOX,0,AfAm
18.3,vWA,0,AfAm
19,CSF1PO,0,AfAm
19,D10S1248,0,AfAm
19,D12S391,0.14766081871345,AfAm
19,D13S317,0,AfAm
19,D16S539,0,AfAm
19,D18S51,0.0994152046783626,AfAm
19,D19S433,0,AfAm
19,D1S1656,0,AfAm
19,D21S11,0,AfAm
19,D22S1045,0.00584795321637427,AfAm
19,D2S1338,0.138888888888889,AfAm
19,D2S441,0,AfAm
19,D3S1358,0.0043859649122807,AfAm
19,D5S818,0,AfAm
19,D6S1043,0.112573099415205,AfAm
19,D7S820,0,AfAm
19,D8S1179,0,AfAm
19,F13A01,0,AfAm
19,F13B,0,AfAm
19,FESFPS,0,AfAm
19,FGA,0.0511695906432749,AfAm
19,LPL,0,AfAm
19,Penta_C,0,AfAm
19,Penta_D,0,AfAm
19,Penta_E,0.00730994152046784,AfAm
19,SE33,0.12719298245614,AfAm
19,TH01,0,AfAm
19,TPOX,0,AfAm
19,vWA,0.0628654970760234,AfAm
19.1,CSF1PO,0,AfAm
19.1,D10S1248,0,AfAm
19.1,D12S391,0.0087719298245614,AfAm
19.1,D13S317,0,AfAm
19.1,D16S539,0,AfAm
19.1,D18S51,0,AfAm
19.1,D19S433,0,AfAm
19.1,D1S1656,0,AfAm
19.1,D21S11,0,AfAm
19.1,D22S1045,0,AfAm
19.1,D2S1338,0,AfAm
19.1,D2S441,0,AfAm
19.1,D3S1358,0,AfAm
19.1,D5S818,0,AfAm
19.1,D6S1043,0,AfAm
19.1,D7S820,0,AfAm
19.1,D8S1179,0,AfAm
19.1,F13A01,0,AfAm
19.1,F13B,0,AfAm
19.1,FESFPS,0,AfAm
19.1,FGA,0,AfAm
19.1,LPL,0,AfAm
19.1,Penta_C,0,AfAm
19.1,Penta_D,0,AfAm
19.1,Penta_E,0,AfAm
19.1,SE33,0,AfAm
19.1,TH01,0,AfAm
19.1,TPOX,0,AfAm
19.1,vWA,0,AfAm
19.2,CSF1PO,0,AfAm
19.2,D10S1248,0,AfAm
19.2,D12S391,0,AfAm
19.2,D13S317,0,AfAm
19.2,D16S539,0,AfAm
19.2,D18S51,0,AfAm
19.2,D19S433,0,AfAm
19.2,D1S1656,0,AfAm
19.2,D21S11,0,AfAm
19.2,D22S1045,0,AfAm
19.2,D2S1338,0,AfAm
19.2,D2S441,0,AfAm
19.2,D3S1358,0,AfAm
19.2,D5S818,0,AfAm
19.2,D6S1043,0,AfAm
19.2,D7S820,0,AfAm
19.2,D8S1179,0,AfAm
19.2,F13A01,0,AfAm
19.2,F13B,0,AfAm
19.2,FESFPS,0,AfAm
19.2,FGA,0.00292397660818713,AfAm
19.2,LPL,0,AfAm
19.2,Penta_C,0,AfAm
19.2,Penta_D,0,AfAm
19.2,Penta_E,0,AfAm
19.2,SE33,0,AfAm
19.2,TH01,0,AfAm
19.2,TPOX,0,AfAm
19.2,vWA,0,AfAm
19.3,CSF1PO,0,AfAm
19.3,D10S1248,0,AfAm
19.3,D12S391,0.0043859649122807,AfAm
19.3,D13S317,0,AfAm
19.3,D16S539,0,AfAm
19.3,D18S51,0,AfAm
19.3,D19S433,0,AfAm
19.3,D1S1656,0.00730994152046784,AfAm
19.3,D21S11,0,AfAm
19.3,D22S1045,0,AfAm
19.3,D2S1338,0,AfAm
19.3,D2S441,0,AfAm
19.3,D3S1358,0,AfAm
19.3,D5S818,0,AfAm
19.3,D6S1043,0.00146198830409357,AfAm
19.3,D7S820,0,AfAm
19.3,D8S1179,0,AfAm
19.3,F13A01,0,AfAm
19.3,F13B,0,AfAm
19.3,FESFPS,0,AfAm
19.3,FGA,0,AfAm
19.3,LPL,0,AfAm
19.3,Penta_C,0,AfAm
19.3,Penta_D,0,AfAm
19.3,Penta_E,0,AfAm
19.3,SE33,0,AfAm
19.3,TH01,0,AfAm
19.3,TPOX,0,AfAm
19.3,vWA,0,AfAm
19.4,CSF1PO,0,AfAm
19.4,D10S1248,0,AfAm
19.4,D12S391,0,AfAm
19.4,D13S317,0,AfAm
19.4,D16S539,0,AfAm
19.4,D18S51,0,AfAm
19.4,D19S433,0,AfAm
19.4,D1S1656,0,AfAm
19.4,D21S11,0,AfAm
19.4,D22S1045,0,AfAm
19.4,D2S1338,0,AfAm
19.4,D2S441,0,AfAm
19.4,D3S1358,0,AfAm
19.4,D5S818,0,AfAm
19.4,D6S1043,0,AfAm
19.4,D7S820,0,AfAm
19.4,D8S1179,0,AfAm
19.4,F13A01,0,AfAm
19.4,F13B,0,AfAm
19.4,FESFPS,0,AfAm
19.4,FGA,0,AfAm
19.4,LPL,0,AfAm
19.4,Penta_C,0,AfAm
19.4,Penta_D,0,AfAm
19.4,Penta_E,0,AfAm
19.4,SE33,0,AfAm
19.4,TH01,0,AfAm
19.4,TPOX,0,AfAm
19.4,vWA,0,AfAm
20,CSF1PO,0,AfAm
20,D10S1248,0,AfAm
20,D12S391,0.103801169590643,AfAm
20,D13S317,0,AfAm
20,D16S539,0,AfAm
20,D18S51,0.0628654970760234,AfAm
20,D19S433,0,AfAm
20,D1S1656,0,AfAm
20,D21S11,0,AfAm
20,D22S1045,0,AfAm
20,D2S1338,0.103801169590643,AfAm
20,D2S441,0,AfAm
20,D3S1358,0,AfAm
20,D5S818,0,AfAm
20,D6S1043,0.0716374269005848,AfAm
20,D7S820,0,AfAm
20,D8S1179,0,AfAm
20,F13A01,0,AfAm
20,F13B,0,AfAm
20,FESFPS,0,AfAm
20,FGA,0.054093567251462,AfAm
20,LPL,0,AfAm
20,Penta_C,0,AfAm
20,Penta_D,0,AfAm
20,Penta_E,0.0043859649122807,AfAm
20,SE33,0.097953216374269,AfAm
20,TH01,0,AfAm
20,TPOX,0,AfAm
20,vWA,0.0160818713450292,AfAm
20.1,CSF1PO,0,AfAm
20.1,D10S1248,0,AfAm
20.1,D12S391,0.00292397660818713,AfAm
20.1,D13S317,0,AfAm
20.1,D16S539,0,AfAm
20.1,D18S51,0,AfAm
20.1,D19S433,0,AfAm
20.1,D1S1656,0,AfAm
20.1,D21S11,0,AfAm
20.1,D22S1045,0,AfAm
20.1,D2S1338,0,AfAm
20.1,D2S441,0,AfAm
20.1,D3S1358,0,AfAm
20.1,D5S818,0,AfAm
20.1,D6S1043,0,AfAm
20.1,D7S820,0,AfAm
20.1,D8S1179,0,AfAm
20.1,F13A01,0,AfAm
20.1,F13B,0,AfAm
20.1,FESFPS,0,AfAm
20.1,FGA,0,AfAm
20.1,LPL,0,AfAm
20.1,Penta_C,0,AfAm
20.1,Penta_D,0,AfAm
20.1,Penta_E,0,AfAm
20.1,SE33,0,AfAm
20.1,TH01,0,AfAm
20.1,TPOX,0,AfAm
20.1,vWA,0,AfAm
20.2,CSF1PO,0,AfAm
20.2,D10S1248,0,AfAm
20.2,D12S391,0,AfAm
20.2,D13S317,0,AfAm
20.2,D16S539,0,AfAm
20.2,D18S51,0,AfAm
20.2,D19S433,0,AfAm
20.2,D1S1656,0,AfAm
20.2,D21S11,0,AfAm
20.2,D22S1045,0,AfAm
20.2,D2S1338,0,AfAm
20.2,D2S441,0,AfAm
20.2,D3S1358,0,AfAm
20.2,D5S818,0,AfAm
20.2,D6S1043,0,AfAm
20.2,D7S820,0,AfAm
20.2,D8S1179,0,AfAm
20.2,F13A01,0,AfAm
20.2,F13B,0,AfAm
20.2,FESFPS,0,AfAm
20.2,FGA,0,AfAm
20.2,LPL,0,AfAm
20.2,Penta_C,0,AfAm
20.2,Penta_D,0,AfAm
20.2,Penta_E,0,AfAm
20.2,SE33,0.00292397660818713,AfAm
20.2,TH01,0,AfAm
20.2,TPOX,0,AfAm
20.2,vWA,0,AfAm
20.3,CSF1PO,0,AfAm
20.3,D10S1248,0,AfAm
20.3,D12S391,0,AfAm
20.3,D13S317,0,AfAm
20.3,D16S539,0,AfAm
20.3,D18S51,0,AfAm
20.3,D19S433,0,AfAm
20.3,D1S1656,0,AfAm
20.3,D21S11,0,AfAm
20.3,D22S1045,0,AfAm
20.3,D2S1338,0,AfAm
20.3,D2S441,0,AfAm
20.3,D3S1358,0,AfAm
20.3,D5S818,0,AfAm
20.3,D6S1043,0,AfAm
20.3,D7S820,0,AfAm
20.3,D8S1179,0,AfAm
20.3,F13A01,0,AfAm
20.3,F13B,0,AfAm
20.3,FESFPS,0,AfAm
20.3,FGA,0,AfAm
20.3,LPL,0,AfAm
20.3,Penta_C,0,AfAm
20.3,Penta_D,0,AfAm
20.3,Penta_E,0,AfAm
20.3,SE33,0,AfAm
20.3,TH01,0,AfAm
20.3,TPOX,0,AfAm
20.3,vWA,0,AfAm
21,CSF1PO,0,AfAm
21,D10S1248,0,AfAm
21,D12S391,0.064327485380117,AfAm
21,D13S317,0,AfAm
21,D16S539,0,AfAm
21,D18S51,0.010233918128655,AfAm
21,D19S433,0,AfAm
21,D1S1656,0,AfAm
21,D21S11,0,AfAm
21,D22S1045,0,AfAm
21,D2S1338,0.135964912280702,AfAm
21,D2S441,0,AfAm
21,D3S1358,0,AfAm
21,D5S818,0,AfAm
21,D6S1043,0.0175438596491228,AfAm
21,D7S820,0,AfAm
21,D8S1179,0,AfAm
21,F13A01,0,AfAm
21,F13B,0,AfAm
21,FESFPS,0,AfAm
21,FGA,0.12280701754386,AfAm
21,LPL,0,AfAm
21,Penta_C,0,AfAm
21,Penta_D,0,AfAm
21,Penta_E,0,AfAm
21,SE33,0.0482456140350877,AfAm
21,TH01,0,AfAm
21,TPOX,0,AfAm
21,vWA,0.00146198830409357,AfAm
21.2,CSF1PO,0,AfAm
21.2,D10S1248,0,AfAm
21.2,D12S391,0,AfAm
21.2,D13S317,0,AfAm
21.2,D16S539,0,AfAm
21.2,D18S51,0.00146198830409357,AfAm
21.2,D19S433,0,AfAm
21.2,D1S1656,0,AfAm
21.2,D21S11,0,AfAm
21.2,D22S1045,0,AfAm
21.2,D2S1338,0,AfAm
21.2,D2S441,0,AfAm
21.2,D3S1358,0,AfAm
21.2,D5S818,0,AfAm
21.2,D6S1043,0,AfAm
21.2,D7S820,0,AfAm
21.2,D8S1179,0,AfAm
21.2,F13A01,0,AfAm
21.2,F13B,0,AfAm
21.2,FESFPS,0,AfAm
21.2,FGA,0,AfAm
21.2,LPL,0,AfAm
21.2,Penta_C,0,AfAm
21.2,Penta_D,0,AfAm
21.2,Penta_E,0,AfAm
21.2,SE33,0.010233918128655,AfAm
21.2,TH01,0,AfAm
21.2,TPOX,0,AfAm
21.2,vWA,0,AfAm
21.3,CSF1PO,0,AfAm
21.3,D10S1248,0,AfAm
21.3,D12S391,0,AfAm
21.3,D13S317,0,AfAm
21.3,D16S539,0,AfAm
21.3,D18S51,0,AfAm
21.3,D19S433,0,AfAm
21.3,D1S1656,0,AfAm
21.3,D21S11,0,AfAm
21.3,D22S1045,0,AfAm
21.3,D2S1338,0,AfAm
21.3,D2S441,0,AfAm
21.3,D3S1358,0,AfAm
21.3,D5S818,0,AfAm
21.3,D6S1043,0.00146198830409357,AfAm
21.3,D7S820,0,AfAm
21.3,D8S1179,0,AfAm
21.3,F13A01,0,AfAm
21.3,F13B,0,AfAm
21.3,FESFPS,0,AfAm
21.3,FGA,0,AfAm
21.3,LPL,0,AfAm
21.3,Penta_C,0,AfAm
21.3,Penta_D,0,AfAm
21.3,Penta_E,0,AfAm
21.3,SE33,0,AfAm
21.3,TH01,0,AfAm
21.3,TPOX,0,AfAm
21.3,vWA,0,AfAm
22,CSF1PO,0,AfAm
22,D10S1248,0,AfAm
22,D12S391,0.0365497076023392,AfAm
22,D13S317,0,AfAm
22,D16S539,0,AfAm
22,D18S51,0.00730994152046784,AfAm
22,D19S433,0,AfAm
22,D1S1656,0,AfAm
22,D21S11,0,AfAm
22,D22S1045,0,AfAm
22,D2S1338,0.137426900584795,AfAm
22,D2S441,0,AfAm
22,D3S1358,0,AfAm
22,D5S818,0,AfAm
22,D6S1043,0,AfAm
22,D7S820,0,AfAm
22,D8S1179,0,AfAm
22,F13A01,0,AfAm
22,F13B,0,AfAm
22,FESFPS,0,AfAm
22,FGA,0.198830409356725,AfAm
22,LPL,0,AfAm
22,Penta_C,0,AfAm
22,Penta_D,0,AfAm
22,Penta_E,0,AfAm
22,SE33,0.0146198830409357,AfAm
22,TH01,0,AfAm
22,TPOX,0,AfAm
22,vWA,0,AfAm
22.2,CSF1PO,0,AfAm
22.2,D10S1248,0,AfAm
22.2,D12S391,0,AfAm
22.2,D13S317,0,AfAm
22.2,D16S539,0,AfAm
22.2,D18S51,0,AfAm
22.2,D19S433,0,AfAm
22.2,D1S1656,0,AfAm
22.2,D21S11,0,AfAm
22.2,D22S1045,0,AfAm
22.2,D2S1338,0,AfAm
22.2,D2S441,0,AfAm
22.2,D3S1358,0,AfAm
22.2,D5S818,0,AfAm
22.2,D6S1043,0,AfAm
22.2,D7S820,0,AfAm
22.2,D8S1179,0,AfAm
22.2,F13A01,0,AfAm
22.2,F13B,0,AfAm
22.2,FESFPS,0,AfAm
22.2,FGA,0.0043859649122807,AfAm
22.2,LPL,0,AfAm
22.2,Penta_C,0,AfAm
22.2,Penta_D,0,AfAm
22.2,Penta_E,0,AfAm
22.2,SE33,0.0043859649122807,AfAm
22.2,TH01,0,AfAm
22.2,TPOX,0,AfAm
22.2,vWA,0,AfAm
22.3,CSF1PO,0,AfAm
22.3,D10S1248,0,AfAm
22.3,D12S391,0,AfAm
22.3,D13S317,0,AfAm
22.3,D16S539,0,AfAm
22.3,D18S51,0,AfAm
22.3,D19S433,0,AfAm
22.3,D1S1656,0,AfAm
22.3,D21S11,0,AfAm
22.3,D22S1045,0,AfAm
22.3,D2S1338,0,AfAm
22.3,D2S441,0,AfAm
22.3,D3S1358,0,AfAm
22.3,D5S818,0,AfAm
22.3,D6S1043,0,AfAm
22.3,D7S820,0,AfAm
22.3,D8S1179,0,AfAm
22.3,F13A01,0,AfAm
22.3,F13B,0,AfAm
22.3,FESFPS,0,AfAm
22.3,FGA,0.00146198830409357,AfAm
22.3,LPL,0,AfAm
22.3,Penta_C,0,AfAm
22.3,Penta_D,0,AfAm
22.3,Penta_E,0,AfAm
22.3,SE33,0,AfAm
22.3,TH01,0,AfAm
22.3,TPOX,0,AfAm
22.3,vWA,0,AfAm
23,CSF1PO,0,AfAm
23,D10S1248,0,AfAm
23,D12S391,0.0292397660818713,AfAm
23,D13S317,0,AfAm
23,D16S539,0,AfAm
23,D18S51,0.0043859649122807,AfAm
23,D19S433,0,AfAm
23,D1S1656,0,AfAm
23,D21S11,0,AfAm
23,D22S1045,0,AfAm
23,D2S1338,0.103801169590643,AfAm
23,D2S441,0,AfAm
23,D3S1358,0,AfAm
23,D5S818,0,AfAm
23,D6S1043,0.010233918128655,AfAm
23,D7S820,0,AfAm
23,D8S1179,0,AfAm
23,F13A01,0,AfAm
23,F13B,0,AfAm
23,FESFPS,0,AfAm
23,FGA,0.169590643274854,AfAm
23,LPL,0,AfAm
23,Penta_C,0,AfAm
23,Penta_D,0,AfAm
23,Penta_E,0,AfAm
23,SE33,0.00730994152046784,AfAm
23,TH01,0,AfAm
23,TPOX,0,AfAm
23,vWA,0,AfAm
23.2,CSF1PO,0,AfAm
23.2,D10S1248,0,AfAm
23.2,D12S391,0,AfAm
23.2,D13S317,0,AfAm
23.2,D16S539,0,AfAm
23.2,D18S51,0,AfAm
23.2,D19S433,0,AfAm
23.2,D1S1656,0,AfAm
23.2,D21S11,0,AfAm
23.2,D22S1045,0,AfAm
23.2,D2S1338,0,AfAm
23.2,D2S441,0,AfAm
23.2,D3S1358,0,AfAm
23.2,D5S818,0,AfAm
23.2,D6S1043,0,AfAm
23.2,D7S820,0,AfAm
23.2,D8S1179,0,AfAm
23.2,F13A01,0,AfAm
23.2,F13B,0,AfAm
23.2,FESFPS,0,AfAm
23.2,FGA,0.00146198830409357,AfAm
23.2,LPL,0,AfAm
23.2,Penta_C,0,AfAm
23.2,Penta_D,0,AfAm
23.2,Penta_E,0,AfAm
23.2,SE33,0.0175438596491228,AfAm
23.2,TH01,0,AfAm
23.2,TPOX,0,AfAm
23.2,vWA,0,AfAm
23.3,CSF1PO,0,AfAm
23.3,D10S1248,0,AfAm
23.3,D12S391,0,AfAm
23.3,D13S317,0,AfAm
23.3,D16S539,0,AfAm
23.3,D18S51,0,AfAm
23.3,D19S433,0,AfAm
23.3,D1S1656,0,AfAm
23.3,D21S11,0,AfAm
23.3,D22S1045,0,AfAm
23.3,D2S1338,0,AfAm
23.3,D2S441,0,AfAm
23.3,D3S1358,0,AfAm
23.3,D5S818,0,AfAm
23.3,D6S1043,0,AfAm
23.3,D7S820,0,AfAm
23.3,D8S1179,0,AfAm
23.3,F13A01,0,AfAm
23.3,F13B,0,AfAm
23.3,FESFPS,0,AfAm
23.3,FGA,0,AfAm
23.3,LPL,0,AfAm
23.3,Penta_C,0,AfAm
23.3,Penta_D,0,AfAm
23.3,Penta_E,0,AfAm
23.3,SE33,0,AfAm
23.3,TH01,0,AfAm
23.3,TPOX,0,AfAm
23.3,vWA,0,AfAm
24,CSF1PO,0,AfAm
24,D10S1248,0,AfAm
24,D12S391,0.0131578947368421,AfAm
24,D13S317,0,AfAm
24,D16S539,0,AfAm
24,D18S51,0.00146198830409357,AfAm
24,D19S433,0,AfAm
24,D1S1656,0,AfAm
24,D21S11,0,AfAm
24,D22S1045,0,AfAm
24,D2S1338,0.0833333333333333,AfAm
24,D2S441,0,AfAm
24,D3S1358,0,AfAm
24,D5S818,0,AfAm
24,D6S1043,0.00584795321637427,AfAm
24,D7S820,0,AfAm
24,D8S1179,0,AfAm
24,F13A01,0,AfAm
24,F13B,0,AfAm
24,FESFPS,0,AfAm
24,FGA,0.133040935672515,AfAm
24,LPL,0,AfAm
24,Penta_C,0,AfAm
24,Penta_D,0,AfAm
24,Penta_E,0,AfAm
24,SE33,0,AfAm
24,TH01,0,AfAm
24,TPOX,0,AfAm
24,vWA,0,AfAm
24.2,CSF1PO,0,AfAm
24.2,D10S1248,0,AfAm
24.2,D12S391,0,AfAm
24.2,D13S317,0,AfAm
24.2,D16S539,0,AfAm
24.2,D18S51,0,AfAm
24.2,D19S433,0,AfAm
24.2,D1S1656,0,AfAm
24.2,D21S11,0,AfAm
24.2,D22S1045,0,AfAm
24.2,D2S1338,0,AfAm
24.2,D2S441,0,AfAm
24.2,D3S1358,0,AfAm
24.2,D5S818,0,AfAm
24.2,D6S1043,0,AfAm
24.2,D7S820,0,AfAm
24.2,D8S1179,0,AfAm
24.2,F13A01,0,AfAm
24.2,F13B,0,AfAm
24.2,FESFPS,0,AfAm
24.2,FGA,0,AfAm
24.2,LPL,0,AfAm
24.2,Penta_C,0,AfAm
24.2,Penta_D,0,AfAm
24.2,Penta_E,0,AfAm
24.2,SE33,0.0131578947368421,AfAm
24.2,TH01,0,AfAm
24.2,TPOX,0,AfAm
24.2,vWA,0,AfAm
24.3,CSF1PO,0,AfAm
24.3,D10S1248,0,AfAm
24.3,D12S391,0,AfAm
24.3,D13S317,0,AfAm
24.3,D16S539,0,AfAm
24.3,D18S51,0,AfAm
24.3,D19S433,0,AfAm
24.3,D1S1656,0,AfAm
24.3,D21S11,0,AfAm
24.3,D22S1045,0,AfAm
24.3,D2S1338,0,AfAm
24.3,D2S441,0,AfAm
24.3,D3S1358,0,AfAm
24.3,D5S818,0,AfAm
24.3,D6S1043,0,AfAm
24.3,D7S820,0,AfAm
24.3,D8S1179,0,AfAm
24.3,F13A01,0,AfAm
24.3,F13B,0,AfAm
24.3,FESFPS,0,AfAm
24.3,FGA,0,AfAm
24.3,LPL,0,AfAm
24.3,Penta_C,0,AfAm
24.3,Penta_D,0,AfAm
24.3,Penta_E,0,AfAm
24.3,SE33,0,AfAm
24.3,TH01,0,AfAm
24.3,TPOX,0,AfAm
24.3,vWA,0,AfAm
25,CSF1PO,0,AfAm
25,D10S1248,0,AfAm
25,D12S391,0.0087719298245614,AfAm
25,D13S317,0,AfAm
25,D16S539,0,AfAm
25,D18S51,0,AfAm
25,D19S433,0,AfAm
25,D1S1656,0,AfAm
25,D21S11,0,AfAm
25,D22S1045,0,AfAm
25,D2S1338,0.0774853801169591,AfAm
25,D2S441,0,AfAm
25,D3S1358,0,AfAm
25,D5S818,0,AfAm
25,D6S1043,0.00146198830409357,AfAm
25,D7S820,0,AfAm
25,D8S1179,0,AfAm
25,F13A01,0,AfAm
25,F13B,0,AfAm
25,FESFPS,0,AfAm
25,FGA,0.118421052631579,AfAm
25,LPL,0,AfAm
25,Penta_C,0,AfAm
25,Penta_D,0,AfAm
25,Penta_E,0.00146198830409357,AfAm
25,SE33,0,AfAm
25,TH01,0,AfAm
25,TPOX,0,AfAm
25,vWA,0,AfAm
25.2,CSF1PO,0,AfAm
25.2,D10S1248,0,AfAm
25.2,D12S391,0,AfAm
25.2,D13S317,0,AfAm
25.2,D16S539,0,AfAm
25.2,D18S51,0,AfAm
25.2,D19S433,0,AfAm
25.2,D1S1656,0,AfAm
25.2,D21S11,0,AfAm
25.2,D22S1045,0,AfAm
25.2,D2S1338,0,AfAm
25.2,D2S441,0,AfAm
25.2,D3S1358,0,AfAm
25.2,D5S818,0,AfAm
25.2,D6S1043,0,AfAm
25.2,D7S820,0,AfAm
25.2,D8S1179,0,AfAm
25.2,F13A01,0,AfAm
25.2,F13B,0,AfAm
25.2,FESFPS,0,AfAm
25.2,FGA,0.00146198830409357,AfAm
25.2,LPL,0,AfAm
25.2,Penta_C,0,AfAm
25.2,Penta_D,0,AfAm
25.2,Penta_E,0,AfAm
25.2,SE33,0.0307017543859649,AfAm
25.2,TH01,0,AfAm
25.2,TPOX,0,AfAm
25.2,vWA,0,AfAm
26,CSF1PO,0,AfAm
26,D10S1248,0,AfAm
26,D12S391,0,AfAm
26,D13S317,0,AfAm
26,D16S539,0,AfAm
26,D18S51,0,AfAm
26,D19S433,0,AfAm
26,D1S1656,0,AfAm
26,D21S11,0.00146198830409357,AfAm
26,D22S1045,0,AfAm
26,D2S1338,0.0146198830409357,AfAm
26,D2S441,0,AfAm
26,D3S1358,0,AfAm
26,D5S818,0,AfAm
26,D6S1043,0.00146198830409357,AfAm
26,D7S820,0,AfAm
26,D8S1179,0,AfAm
26,F13A01,0,AfAm
26,F13B,0,AfAm
26,FESFPS,0,AfAm
26,FGA,0.0701754385964912,AfAm
26,LPL,0,AfAm
26,Penta_C,0,AfAm
26,Penta_D,0,AfAm
26,Penta_E,0,AfAm
26,SE33,0.00146198830409357,AfAm
26,TH01,0,AfAm
26,TPOX,0,AfAm
26,vWA,0,AfAm
26.2,CSF1PO,0,AfAm
26.2,D10S1248,0,AfAm
26.2,D12S391,0,AfAm
26.2,D13S317,0,AfAm
26.2,D16S539,0,AfAm
26.2,D18S51,0,AfAm
26.2,D19S433,0,AfAm
26.2,D1S1656,0,AfAm
26.2,D21S11,0,AfAm
26.2,D22S1045,0,AfAm
26.2,D2S1338,0,AfAm
26.2,D2S441,0,AfAm
26.2,D3S1358,0,AfAm
26.2,D5S818,0,AfAm
26.2,D6S1043,0,AfAm
26.2,D7S820,0,AfAm
26.2,D8S1179,0,AfAm
26.2,F13A01,0,AfAm
26.2,F13B,0,AfAm
26.2,FESFPS,0,AfAm
26.2,FGA,0,AfAm
26.2,LPL,0,AfAm
26.2,Penta_C,0,AfAm
26.2,Penta_D,0,AfAm
26.2,Penta_E,0,AfAm
26.2,SE33,0.0628654970760234,AfAm
26.2,TH01,0,AfAm
26.2,TPOX,0,AfAm
26.2,vWA,0,AfAm
27,CSF1PO,0,AfAm
27,D10S1248,0,AfAm
27,D12S391,0,AfAm
27,D13S317,0,AfAm
27,D16S539,0,AfAm
27,D18S51,0,AfAm
27,D19S433,0,AfAm
27,D1S1656,0,AfAm
27,D21S11,0.0745614035087719,AfAm
27,D22S1045,0,AfAm
27,D2S1338,0.0043859649122807,AfAm
27,D2S441,0,AfAm
27,D3S1358,0,AfAm
27,D5S818,0,AfAm
27,D6S1043,0,AfAm
27,D7S820,0,AfAm
27,D8S1179,0,AfAm
27,F13A01,0,AfAm
27,F13B,0,AfAm
27,FESFPS,0,AfAm
27,FGA,0.0233918128654971,AfAm
27,LPL,0,AfAm
27,Penta_C,0,AfAm
27,Penta_D,0,AfAm
27,Penta_E,0,AfAm
27,SE33,0,AfAm
27,TH01,0,AfAm
27,TPOX,0,AfAm
27,vWA,0,AfAm
27.2,CSF1PO,0,AfAm
27.2,D10S1248,0,AfAm
27.2,D12S391,0,AfAm
27.2,D13S317,0,AfAm
27.2,D16S539,0,AfAm
27.2,D18S51,0,AfAm
27.2,D19S433,0,AfAm
27.2,D1S1656,0,AfAm
27.2,D21S11,0,AfAm
27.2,D22S1045,0,AfAm
27.2,D2S1338,0,AfAm
27.2,D2S441,0,AfAm
27.2,D3S1358,0,AfAm
27.2,D5S818,0,AfAm
27.2,D6S1043,0,AfAm
27.2,D7S820,0,AfAm
27.2,D8S1179,0,AfAm
27.2,F13A01,0,AfAm
27.2,F13B,0,AfAm
27.2,FESFPS,0,AfAm
27.2,FGA,0,AfAm
27.2,LPL,0,AfAm
27.2,Penta_C,0,AfAm
27.2,Penta_D,0,AfAm
27.2,Penta_E,0,AfAm
27.2,SE33,0.0423976608187134,AfAm
27.2,TH01,0,AfAm
27.2,TPOX,0,AfAm
27.2,vWA,0,AfAm
27.3,CSF1PO,0,AfAm
27.3,D10S1248,0,AfAm
27.3,D12S391,0,AfAm
27.3,D13S317,0,AfAm
27.3,D16S539,0,AfAm
27.3,D18S51,0,AfAm
27.3,D19S433,0,AfAm
27.3,D1S1656,0,AfAm
27.3,D21S11,0,AfAm
27.3,D22S1045,0,AfAm
27.3,D2S1338,0,AfAm
27.3,D2S441,0,AfAm
27.3,D3S1358,0,AfAm
27.3,D5S818,0,AfAm
27.3,D6S1043,0,AfAm
27.3,D7S820,0,AfAm
27.3,D8S1179,0,AfAm
27.3,F13A01,0,AfAm
27.3,F13B,0,AfAm
27.3,FESFPS,0,AfAm
27.3,FGA,0,AfAm
27.3,LPL,0,AfAm
27.3,Penta_C,0,AfAm
27.3,Penta_D,0,AfAm
27.3,Penta_E,0,AfAm
27.3,SE33,0,AfAm
27.3,TH01,0,AfAm
27.3,TPOX,0,AfAm
27.3,vWA,0,AfAm
28,CSF1PO,0,AfAm
28,D10S1248,0,AfAm
28,D12S391,0,AfAm
28,D13S317,0,AfAm
28,D16S539,0,AfAm
28,D18S51,0,AfAm
28,D19S433,0,AfAm
28,D1S1656,0,AfAm
28,D21S11,0.245614035087719,AfAm
28,D22S1045,0,AfAm
28,D2S1338,0,AfAm
28,D2S441,0,AfAm
28,D3S1358,0,AfAm
28,D5S818,0,AfAm
28,D6S1043,0,AfAm
28,D7S820,0,AfAm
28,D8S1179,0,AfAm
28,F13A01,0,AfAm
28,F13B,0,AfAm
28,FESFPS,0,AfAm
28,FGA,0.0146198830409357,AfAm
28,LPL,0,AfAm
28,Penta_C,0,AfAm
28,Penta_D,0,AfAm
28,Penta_E,0,AfAm
28,SE33,0,AfAm
28,TH01,0,AfAm
28,TPOX,0,AfAm
28,vWA,0,AfAm
28.2,CSF1PO,0,AfAm
28.2,D10S1248,0,AfAm
28.2,D12S391,0,AfAm
28.2,D13S317,0,AfAm
28.2,D16S539,0,AfAm
28.2,D18S51,0,AfAm
28.2,D19S433,0,AfAm
28.2,D1S1656,0,AfAm
28.2,D21S11,0,AfAm
28.2,D22S1045,0,AfAm
28.2,D2S1338,0,AfAm
28.2,D2S441,0,AfAm
28.2,D3S1358,0,AfAm
28.2,D5S818,0,AfAm
28.2,D6S1043,0,AfAm
28.2,D7S820,0,AfAm
28.2,D8S1179,0,AfAm
28.2,F13A01,0,AfAm
28.2,F13B,0,AfAm
28.2,FESFPS,0,AfAm
28.2,FGA,0,AfAm
28.2,LPL,0,AfAm
28.2,Penta_C,0,AfAm
28.2,Penta_D,0,AfAm
28.2,Penta_E,0,AfAm
28.2,SE33,0.0453216374269006,AfAm
28.2,TH01,0,AfAm
28.2,TPOX,0,AfAm
28.2,vWA,0,AfAm
28.3,CSF1PO,0,AfAm
28.3,D10S1248,0,AfAm
28.3,D12S391,0,AfAm
28.3,D13S317,0,AfAm
28.3,D16S539,0,AfAm
28.3,D18S51,0,AfAm
28.3,D19S433,0,AfAm
28.3,D1S1656,0,AfAm
28.3,D21S11,0,AfAm
28.3,D22S1045,0,AfAm
28.3,D2S1338,0,AfAm
28.3,D2S441,0,AfAm
28.3,D3S1358,0,AfAm
28.3,D5S818,0,AfAm
28.3,D6S1043,0,AfAm
28.3,D7S820,0,AfAm
28.3,D8S1179,0,AfAm
28.3,F13A01,0,AfAm
28.3,F13B,0,AfAm
28.3,FESFPS,0,AfAm
28.3,FGA,0,AfAm
28.3,LPL,0,AfAm
28.3,Penta_C,0,AfAm
28.3,Penta_D,0,AfAm
28.3,Penta_E,0,AfAm
28.3,SE33,0.00146198830409357,AfAm
28.3,TH01,0,AfAm
28.3,TPOX,0,AfAm
28.3,vWA,0,AfAm
29,CSF1PO,0,AfAm
29,D10S1248,0,AfAm
29,D12S391,0,AfAm
29,D13S317,0,AfAm
29,D16S539,0,AfAm
29,D18S51,0,AfAm
29,D19S433,0,AfAm
29,D1S1656,0,AfAm
29,D21S11,0.204678362573099,AfAm
29,D22S1045,0,AfAm
29,D2S1338,0,AfAm
29,D2S441,0,AfAm
29,D3S1358,0,AfAm
29,D5S818,0,AfAm
29,D6S1043,0,AfAm
29,D7S820,0,AfAm
29,D8S1179,0,AfAm
29,F13A01,0,AfAm
29,F13B,0,AfAm
29,FESFPS,0,AfAm
29,FGA,0.00584795321637427,AfAm
29,LPL,0,AfAm
29,Penta_C,0,AfAm
29,Penta_D,0,AfAm
29,Penta_E,0,AfAm
29,SE33,0,AfAm
29,TH01,0,AfAm
29,TPOX,0,AfAm
29,vWA,0,AfAm
29.2,CSF1PO,0,AfAm
29.2,D10S1248,0,AfAm
29.2,D12S391,0,AfAm
29.2,D13S317,0,AfAm
29.2,D16S539,0,AfAm
29.2,D18S51,0,AfAm
29.2,D19S433,0,AfAm
29.2,D1S1656,0,AfAm
29.2,D21S11,0,AfAm
29.2,D22S1045,0,AfAm
29.2,D2S1338,0,AfAm
29.2,D2S441,0,AfAm
29.2,D3S1358,0,AfAm
29.2,D5S818,0,AfAm
29.2,D6S1043,0,AfAm
29.2,D7S820,0,AfAm
29.2,D8S1179,0,AfAm
29.2,F13A01,0,AfAm
29.2,F13B,0,AfAm
29.2,FESFPS,0,AfAm
29.2,FGA,0,AfAm
29.2,LPL,0,AfAm
29.2,Penta_C,0,AfAm
29.2,Penta_D,0,AfAm
29.2,Penta_E,0,AfAm
29.2,SE33,0.0233918128654971,AfAm
29.2,TH01,0,AfAm
29.2,TPOX,0,AfAm
29.2,vWA,0,AfAm
29.3,CSF1PO,0,AfAm
29.3,D10S1248,0,AfAm
29.3,D12S391,0,AfAm
29.3,D13S317,0,AfAm
29.3,D16S539,0,AfAm
29.3,D18S51,0,AfAm
29.3,D19S433,0,AfAm
29.3,D1S1656,0,AfAm
29.3,D21S11,0.00146198830409357,AfAm
29.3,D22S1045,0,AfAm
29.3,D2S1338,0,AfAm
29.3,D2S441,0,AfAm
29.3,D3S1358,0,AfAm
29.3,D5S818,0,AfAm
29.3,D6S1043,0,AfAm
29.3,D7S820,0,AfAm
29.3,D8S1179,0,AfAm
29.3,F13A01,0,AfAm
29.3,F13B,0,AfAm
29.3,FESFPS,0,AfAm
29.3,FGA,0,AfAm
29.3,LPL,0,AfAm
29.3,Penta_C,0,AfAm
29.3,Penta_D,0,AfAm
29.3,Penta_E,0,AfAm
29.3,SE33,0,AfAm
29.3,TH01,0,AfAm
29.3,TPOX,0,AfAm
29.3,vWA,0,AfAm
30,CSF1PO,0,AfAm
30,D10S1248,0,AfAm
30,D12S391,0,AfAm
30,D13S317,0,AfAm
30,D16S539,0,AfAm
30,D18S51,0,AfAm
30,D19S433,0,AfAm
30,D1S1656,0,AfAm
30,D21S11,0.169590643274854,AfAm
30,D22S1045,0,AfAm
30,D2S1338,0,AfAm
30,D2S441,0,AfAm
30,D3S1358,0,AfAm
30,D5S818,0,AfAm
30,D6S1043,0,AfAm
30,D7S820,0,AfAm
30,D8S1179,0,AfAm
30,F13A01,0,AfAm
30,F13B,0,AfAm
30,FESFPS,0,AfAm
30,FGA,0.00146198830409357,AfAm
30,LPL,0,AfAm
30,Penta_C,0,AfAm
30,Penta_D,0,AfAm
30,Penta_E,0,AfAm
30,SE33,0,AfAm
30,TH01,0,AfAm
30,TPOX,0,AfAm
30,vWA,0,AfAm
30.2,CSF1PO,0,AfAm
30.2,D10S1248,0,AfAm
30.2,D12S391,0,AfAm
30.2,D13S317,0,AfAm
30.2,D16S539,0,AfAm
30.2,D18S51,0,AfAm
30.2,D19S433,0,AfAm
30.2,D1S1656,0,AfAm
30.2,D21S11,0.0175438596491228,AfAm
30.2,D22S1045,0,AfAm
30.2,D2S1338,0,AfAm
30.2,D2S441,0,AfAm
30.2,D3S1358,0,AfAm
30.2,D5S818,0,AfAm
30.2,D6S1043,0,AfAm
30.2,D7S820,0,AfAm
30.2,D8S1179,0,AfAm
30.2,F13A01,0,AfAm
30.2,F13B,0,AfAm
30.2,FESFPS,0,AfAm
30.2,FGA,0.00146198830409357,AfAm
30.2,LPL,0,AfAm
30.2,Penta_C,0,AfAm
30.2,Penta_D,0,AfAm
30.2,Penta_E,0,AfAm
30.2,SE33,0.0160818713450292,AfAm
30.2,TH01,0,AfAm
30.2,TPOX,0,AfAm
30.2,vWA,0,AfAm
30.3,CSF1PO,0,AfAm
30.3,D10S1248,0,AfAm
30.3,D12S391,0,AfAm
30.3,D13S317,0,AfAm
30.3,D16S539,0,AfAm
30.3,D18S51,0,AfAm
30.3,D19S433,0,AfAm
30.3,D1S1656,0,AfAm
30.3,D21S11,0,AfAm
30.3,D22S1045,0,AfAm
30.3,D2S1338,0,AfAm
30.3,D2S441,0,AfAm
30.3,D3S1358,0,AfAm
30.3,D5S818,0,AfAm
30.3,D6S1043,0,AfAm
30.3,D7S820,0,AfAm
30.3,D8S1179,0,AfAm
30.3,F13A01,0,AfAm
30.3,F13B,0,AfAm
30.3,FESFPS,0,AfAm
30.3,FGA,0,AfAm
30.3,LPL,0,AfAm
30.3,Penta_C,0,AfAm
30.3,Penta_D,0,AfAm
30.3,Penta_E,0,AfAm
30.3,SE33,0,AfAm
30.3,TH01,0,AfAm
30.3,TPOX,0,AfAm
30.3,vWA,0,AfAm
31,CSF1PO,0,AfAm
31,D10S1248,0,AfAm
31,D12S391,0,AfAm
31,D13S317,0,AfAm
31,D16S539,0,AfAm
31,D18S51,0,AfAm
31,D19S433,0,AfAm
31,D1S1656,0,AfAm
31,D21S11,0.0789473684210526,AfAm
31,D22S1045,0,AfAm
31,D2S1338,0,AfAm
31,D2S441,0,AfAm
31,D3S1358,0,AfAm
31,D5S818,0,AfAm
31,D6S1043,0,AfAm
31,D7S820,0,AfAm
31,D8S1179,0,AfAm
31,F13A01,0,AfAm
31,F13B,0,AfAm
31,FESFPS,0,AfAm
31,FGA,0,AfAm
31,LPL,0,AfAm
31,Penta_C,0,AfAm
31,Penta_D,0,AfAm
31,Penta_E,0,AfAm
31,SE33,0.00146198830409357,AfAm
31,TH01,0,AfAm
31,TPOX,0,AfAm
31,vWA,0,AfAm
31.2,CSF1PO,0,AfAm
31.2,D10S1248,0,AfAm
31.2,D12S391,0,AfAm
31.2,D13S317,0,AfAm
31.2,D16S539,0,AfAm
31.2,D18S51,0,AfAm
31.2,D19S433,0,AfAm
31.2,D1S1656,0,AfAm
31.2,D21S11,0.0511695906432749,AfAm
31.2,D22S1045,0,AfAm
31.2,D2S1338,0,AfAm
31.2,D2S441,0,AfAm
31.2,D3S1358,0,AfAm
31.2,D5S818,0,AfAm
31.2,D6S1043,0,AfAm
31.2,D7S820,0,AfAm
31.2,D8S1179,0,AfAm
31.2,F13A01,0,AfAm
31.2,F13B,0,AfAm
31.2,FESFPS,0,AfAm
31.2,FGA,0.00146198830409357,AfAm
31.2,LPL,0,AfAm
31.2,Penta_C,0,AfAm
31.2,Penta_D,0,AfAm
31.2,Penta_E,0,AfAm
31.2,SE33,0.0160818713450292,AfAm
31.2,TH01,0,AfAm
31.2,TPOX,0,AfAm
31.2,vWA,0,AfAm
32,CSF1PO,0,AfAm
32,D10S1248,0,AfAm
32,D12S391,0,AfAm
32,D13S317,0,AfAm
32,D16S539,0,AfAm
32,D18S51,0,AfAm
32,D19S433,0,AfAm
32,D1S1656,0,AfAm
32,D21S11,0.0087719298245614,AfAm
32,D22S1045,0,AfAm
32,D2S1338,0,AfAm
32,D2S441,0,AfAm
32,D3S1358,0,AfAm
32,D5S818,0,AfAm
32,D6S1043,0,AfAm
32,D7S820,0,AfAm
32,D8S1179,0,AfAm
32,F13A01,0,AfAm
32,F13B,0,AfAm
32,FESFPS,0,AfAm
32,FGA,0,AfAm
32,LPL,0,AfAm
32,Penta_C,0,AfAm
32,Penta_D,0,AfAm
32,Penta_E,0,AfAm
32,SE33,0,AfAm
32,TH01,0,AfAm
32,TPOX,0,AfAm
32,vWA,0,AfAm
32.2,CSF1PO,0,AfAm
32.2,D10S1248,0,AfAm
32.2,D12S391,0,AfAm
32.2,D13S317,0,AfAm
32.2,D16S539,0,AfAm
32.2,D18S51,0,AfAm
32.2,D19S433,0,AfAm
32.2,D1S1656,0,AfAm
32.2,D21S11,0.0614035087719298,AfAm
32.2,D22S1045,0,AfAm
32.2,D2S1338,0,AfAm
32.2,D2S441,0,AfAm
32.2,D3S1358,0,AfAm
32.2,D5S818,0,AfAm
32.2,D6S1043,0,AfAm
32.2,D7S820,0,AfAm
32.2,D8S1179,0,AfAm
32.2,F13A01,0,AfAm
32.2,F13B,0,AfAm
32.2,FESFPS,0,AfAm
32.2,FGA,0,AfAm
32.2,LPL,0,AfAm
32.2,Penta_C,0,AfAm
32.2,Penta_D,0,AfAm
32.2,Penta_E,0,AfAm
32.2,SE33,0.0043859649122807,AfAm
32.2,TH01,0,AfAm
32.2,TPOX,0,AfAm
32.2,vWA,0,AfAm
33,CSF1PO,0,AfAm
33,D10S1248,0,AfAm
33,D12S391,0,AfAm
33,D13S317,0,AfAm
33,D16S539,0,AfAm
33,D18S51,0,AfAm
33,D19S433,0,AfAm
33,D1S1656,0,AfAm
33,D21S11,0.0043859649122807,AfAm
33,D22S1045,0,AfAm
33,D2S1338,0,AfAm
33,D2S441,0,AfAm
33,D3S1358,0,AfAm
33,D5S818,0,AfAm
33,D6S1043,0,AfAm
33,D7S820,0,AfAm
33,D8S1179,0,AfAm
33,F13A01,0,AfAm
33,F13B,0,AfAm
33,FESFPS,0,AfAm
33,FGA,0,AfAm
33,LPL,0,AfAm
33,Penta_C,0,AfAm
33,Penta_D,0,AfAm
33,Penta_E,0,AfAm
33,SE33,0,AfAm
33,TH01,0,AfAm
33,TPOX,0,AfAm
33,vWA,0,AfAm
33.1,CSF1PO,0,AfAm
33.1,D10S1248,0,AfAm
33.1,D12S391,0,AfAm
33.1,D13S317,0,AfAm
33.1,D16S539,0,AfAm
33.1,D18S51,0,AfAm
33.1,D19S433,0,AfAm
33.1,D1S1656,0,AfAm
33.1,D21S11,0.00292397660818713,AfAm
33.1,D22S1045,0,AfAm
33.1,D2S1338,0,AfAm
33.1,D2S441,0,AfAm
33.1,D3S1358,0,AfAm
33.1,D5S818,0,AfAm
33.1,D6S1043,0,AfAm
33.1,D7S820,0,AfAm
33.1,D8S1179,0,AfAm
33.1,F13A01,0,AfAm
33.1,F13B,0,AfAm
33.1,FESFPS,0,AfAm
33.1,FGA,0,AfAm
33.1,LPL,0,AfAm
33.1,Penta_C,0,AfAm
33.1,Penta_D,0,AfAm
33.1,Penta_E,0,AfAm
33.1,SE33,0,AfAm
33.1,TH01,0,AfAm
33.1,TPOX,0,AfAm
33.1,vWA,0,AfAm
33.2,CSF1PO,0,AfAm
33.2,D10S1248,0,AfAm
33.2,D12S391,0,AfAm
33.2,D13S317,0,AfAm
33.2,D16S539,0,AfAm
33.2,D18S51,0,AfAm
33.2,D19S433,0,AfAm
33.2,D1S1656,0,AfAm
33.2,D21S11,0.0350877192982456,AfAm
33.2,D22S1045,0,AfAm
33.2,D2S1338,0,AfAm
33.2,D2S441,0,AfAm
33.2,D3S1358,0,AfAm
33.2,D5S818,0,AfAm
33.2,D6S1043,0,AfAm
33.2,D7S820,0,AfAm
33.2,D8S1179,0,AfAm
33.2,F13A01,0,AfAm
33.2,F13B,0,AfAm
33.2,FESFPS,0,AfAm
33.2,FGA,0,AfAm
33.2,LPL,0,AfAm
33.2,Penta_C,0,AfAm
33.2,Penta_D,0,AfAm
33.2,Penta_E,0,AfAm
33.2,SE33,0.00292397660818713,AfAm
33.2,TH01,0,AfAm
33.2,TPOX,0,AfAm
33.2,vWA,0,AfAm
34,CSF1PO,0,AfAm
34,D10S1248,0,AfAm
34,D12S391,0,AfAm
34,D13S317,0,AfAm
34,D16S539,0,AfAm
34,D18S51,0,AfAm
34,D19S433,0,AfAm
34,D1S1656,0,AfAm
34,D21S11,0.00584795321637427,AfAm
34,D22S1045,0,AfAm
34,D2S1338,0,AfAm
34,D2S441,0,AfAm
34,D3S1358,0,AfAm
34,D5S818,0,AfAm
34,D6S1043,0,AfAm
34,D7S820,0,AfAm
34,D8S1179,0,AfAm
34,F13A01,0,AfAm
34,F13B,0,AfAm
34,FESFPS,0,AfAm
34,FGA,0,AfAm
34,LPL,0,AfAm
34,Penta_C,0,AfAm
34,Penta_D,0,AfAm
34,Penta_E,0,AfAm
34,SE33,0.00292397660818713,AfAm
34,TH01,0,AfAm
34,TPOX,0,AfAm
34,vWA,0,AfAm
34.2,CSF1PO,0,AfAm
34.2,D10S1248,0,AfAm
34.2,D12S391,0,AfAm
34.2,D13S317,0,AfAm
34.2,D16S539,0,AfAm
34.2,D18S51,0,AfAm
34.2,D19S433,0,AfAm
34.2,D1S1656,0,AfAm
34.2,D21S11,0,AfAm
34.2,D22S1045,0,AfAm
34.2,D2S1338,0,AfAm
34.2,D2S441,0,AfAm
34.2,D3S1358,0,AfAm
34.2,D5S818,0,AfAm
34.2,D6S1043,0,AfAm
34.2,D7S820,0,AfAm
34.2,D8S1179,0,AfAm
34.2,F13A01,0,AfAm
34.2,F13B,0,AfAm
34.2,FESFPS,0,AfAm
34.2,FGA,0,AfAm
34.2,LPL,0,AfAm
34.2,Penta_C,0,AfAm
34.2,Penta_D,0,AfAm
34.2,Penta_E,0,AfAm
34.2,SE33,0,AfAm
34.2,TH01,0,AfAm
34.2,TPOX,0,AfAm
34.2,vWA,0,AfAm
35,CSF1PO,0,AfAm
35,D10S1248,0,AfAm
35,D12S391,0,AfAm
35,D13S317,0,AfAm
35,D16S539,0,AfAm
35,D18S51,0,AfAm
35,D19S433,0,AfAm
35,D1S1656,0,AfAm
35,D21S11,0.0219298245614035,AfAm
35,D22S1045,0,AfAm
35,D2S1338,0,AfAm
35,D2S441,0,AfAm
35,D3S1358,0,AfAm
35,D5S818,0,AfAm
35,D6S1043,0,AfAm
35,D7S820,0,AfAm
35,D8S1179,0,AfAm
35,F13A01,0,AfAm
35,F13B,0,AfAm
35,FESFPS,0,AfAm
35,FGA,0,AfAm
35,LPL,0,AfAm
35,Penta_C,0,AfAm
35,Penta_D,0,AfAm
35,Penta_E,0,AfAm
35,SE33,0,AfAm
35,TH01,0,AfAm
35,TPOX,0,AfAm
35,vWA,0,AfAm
36,CSF1PO,0,AfAm
36,D10S1248,0,AfAm
36,D12S391,0,AfAm
36,D13S317,0,AfAm
36,D16S539,0,AfAm
36,D18S51,0,AfAm
36,D19S433,0,AfAm
36,D1S1656,0,AfAm
36,D21S11,0.0087719298245614,AfAm
36,D22S1045,0,AfAm
36,D2S1338,0,AfAm
36,D2S441,0,AfAm
36,D3S1358,0,AfAm
36,D5S818,0,AfAm
36,D6S1043,0,AfAm
36,D7S820,0,AfAm
36,D8S1179,0,AfAm
36,F13A01,0,AfAm
36,F13B,0,AfAm
36,FESFPS,0,AfAm
36,FGA,0,AfAm
36,LPL,0,AfAm
36,Penta_C,0,AfAm
36,Penta_D,0,AfAm
36,Penta_E,0,AfAm
36,SE33,0.00146198830409357,AfAm
36,TH01,0,AfAm
36,TPOX,0,AfAm
36,vWA,0,AfAm
37,CSF1PO,0,AfAm
37,D10S1248,0,AfAm
37,D12S391,0,AfAm
37,D13S317,0,AfAm
37,D16S539,0,AfAm
37,D18S51,0,AfAm
37,D19S433,0,AfAm
37,D1S1656,0,AfAm
37,D21S11,0.00292397660818713,AfAm
37,D22S1045,0,AfAm
37,D2S1338,0,AfAm
37,D2S441,0,AfAm
37,D3S1358,0,AfAm
37,D5S818,0,AfAm
37,D6S1043,0,AfAm
37,D7S820,0,AfAm
37,D8S1179,0,AfAm
37,F13A01,0,AfAm
37,F13B,0,AfAm
37,FESFPS,0,AfAm
37,FGA,0,AfAm
37,LPL,0,AfAm
37,Penta_C,0,AfAm
37,Penta_D,0,AfAm
37,Penta_E,0,AfAm
37,SE33,0,AfAm
37,TH01,0,AfAm
37,TPOX,0,AfAm
37,vWA,0,AfAm
38,CSF1PO,0,AfAm
38,D10S1248,0,AfAm
38,D12S391,0,AfAm
38,D13S317,0,AfAm
38,D16S539,0,AfAm
38,D18S51,0,AfAm
38,D19S433,0,AfAm
38,D1S1656,0,AfAm
38,D21S11,0.00146198830409357,AfAm
38,D22S1045,0,AfAm
38,D2S1338,0,AfAm
38,D2S441,0,AfAm
38,D3S1358,0,AfAm
38,D5S818,0,AfAm
38,D6S1043,0,AfAm
38,D7S820,0,AfAm
38,D8S1179,0,AfAm
38,F13A01,0,AfAm
38,F13B,0,AfAm
38,FESFPS,0,AfAm
38,FGA,0,AfAm
38,LPL,0,AfAm
38,Penta_C,0,AfAm
38,Penta_D,0,AfAm
38,Penta_E,0,AfAm
38,SE33,0,AfAm
38,TH01,0,AfAm
38,TPOX,0,AfAm
38,vWA,0,AfAm
39,CSF1PO,0,AfAm
39,D10S1248,0,AfAm
39,D12S391,0,AfAm
39,D13S317,0,AfAm
39,D16S539,0,AfAm
39,D18S51,0,AfAm
39,D19S433,0,AfAm
39,D1S1656,0,AfAm
39,D21S11,0.00146198830409357,AfAm
39,D22S1045,0,AfAm
39,D2S1338,0,AfAm
39,D2S441,0,AfAm
39,D3S1358,0,AfAm
39,D5S818,0,AfAm
39,D6S1043,0,AfAm
39,D7S820,0,AfAm
39,D8S1179,0,AfAm
39,F13A01,0,AfAm
39,F13B,0,AfAm
39,FESFPS,0,AfAm
39,FGA,0,AfAm
39,LPL,0,AfAm
39,Penta_C,0,AfAm
39,Penta_D,0,AfAm
39,Penta_E,0,AfAm
39,SE33,0,AfAm
39,TH01,0,AfAm
39,TPOX,0,AfAm
39,vWA,0,AfAm
43.2,CSF1PO,0,AfAm
43.2,D10S1248,0,AfAm
43.2,D12S391,0,AfAm
43.2,D13S317,0,AfAm
43.2,D16S539,0,AfAm
43.2,D18S51,0,AfAm
43.2,D19S433,0,AfAm
43.2,D1S1656,0,AfAm
43.2,D21S11,0,AfAm
43.2,D22S1045,0,AfAm
43.2,D2S1338,0,AfAm
43.2,D2S441,0,AfAm
43.2,D3S1358,0,AfAm
43.2,D5S818,0,AfAm
43.2,D6S1043,0,AfAm
43.2,D7S820,0,AfAm
43.2,D8S1179,0,AfAm
43.2,F13A01,0,AfAm
43.2,F13B,0,AfAm
43.2,FESFPS,0,AfAm
43.2,FGA,0,AfAm
43.2,LPL,0,AfAm
43.2,Penta_C,0,AfAm
43.2,Penta_D,0,AfAm
43.2,Penta_E,0,AfAm
43.2,SE33,0,AfAm
43.2,TH01,0,AfAm
43.2,TPOX,0,AfAm
43.2,vWA,0,AfAm
