"","State","variable_detailed","variable_type","value","value_type"
"1","South Dakota","male_total","sex",51197,"number"
"2","South Dakota","female_total","sex",16556,"number"
"3","South Dakota","asian_total","race",56,"number"
"4","South Dakota","black_total","race",4041,"number"
"5","South Dakota","hispanic_total","race",2949,"number"
"6","South Dakota","native_american_total","race",14593,"number"
"7","South Dakota","other_total","race",891,"number"
"8","South Dakota","white_total","race",45223,"number"
"9","California","male_convicted_offender","sex",1603222,"number"
"10","California","female_convicted_offender","sex",309827,"number"
"11","California","unknown_convicted_offender","sex",106850,"number"
"12","California","male_arrestee","sex",524231,"number"
"13","California","female_arrestee","sex",208225,"number"
"14","California","unknown_arrestee","sex",19366,"number"
"15","California","convicted_offender_total","offender_type",2019899,"number"
"16","California","arrestee_total","offender_type",751822,"number"
"17","California","black_convicted_offender","race",368952,"number"
"18","California","white_convicted_offender","race",588555,"number"
"19","California","hispanic_convicted_offender","race",652121,"number"
"20","California","asian_convicted_offender","race",16384,"number"
"21","California","black_arrestee","race",104741,"number"
"22","California","white_arrestee","race",231313,"number"
"23","California","hispanic_arrestee","race",308450,"number"
"24","California","asian_arrestee","race",11191,"number"
"25","Indiana","convicted_offender_total","offender_type",279654,"number"
"26","Indiana","arrestee_total","offender_type",21087,"number"
"27","Indiana","male_total","sex",0.8,"proportion"
"28","Indiana","female_total","sex",0.2,"proportion"
"29","Indiana","white_total","race",0.7,"proportion"
"30","Indiana","black_total","race",0.26,"proportion"
"31","Indiana","hispanic_total","race",0.04,"proportion"
"32","Indiana","other_total","race",0.01,"proportion"
"33","Maine","male_total","sex",27894,"number"
"34","Maine","female_total","sex",5734,"number"
"35","Maine","unknown","sex",83,"number"
"36","Maine","white_total","race",31298,"number"
"37","Maine","black_total","race",1299,"number"
"38","Maine","unknown","race",470,"number"
"39","Maine","native_american_total","race",345,"number"
"40","Maine","hispanic_total","race",171,"number"
"41","Maine","asian_total","race",128,"number"
"42","Texas","female_offender","sex",121434,"number"
"43","Texas","female_arrestee","sex",18721,"number"
"44","Texas","convicted_offender_total","offender_type",845322,"number"
"45","Texas","arrestee_total","offender_type",73631,"number"
"46","Texas","asian_convicted_offender","race",3361,"number"
"47","Texas","black_convicted_offender","race",254366,"number"
"48","Texas","white_convicted_offender","race",309010,"number"
"49","Texas","hispanic_convicted_offender","race",276245,"number"
"50","Texas","native_american_convicted_offender","race",138,"number"
"51","Texas","other_convicted_offender","race",2173,"number"
"52","Texas","asian_arrestee","race",497,"number"
"53","Texas","black_arrestee","race",12903,"number"
"54","Texas","white_arrestee","race",33486,"number"
"55","Texas","hispanic_arrestee","race",24202,"number"
"56","Texas","native_american_arrestee","race",24,"number"
"57","Texas","other_arrestee","race",358,"number"
"58","Nevada","arrestee_total","offender_type",185074,"number"
"59","Nevada","convicted_offender_total","offender_type",159023,"number"
"60","Nevada","male_total","sex",280738,"number"
"61","Nevada","female_total","sex",63287,"number"
"62","Nevada","unknown","sex",72,"number"
"63","Nevada","white_total","race",238723,"number"
"64","Nevada","unknown","race",3491,"number"
"65","Nevada","native_american_total","race",5710,"number"
"66","Nevada","black_total","race",88174,"number"
"67","Nevada","asian_total","race",7999,"number"
"68","Florida","male_total","sex",901126,"number"
"69","Florida","female_total","sex",260885,"number"
"70","Florida","unknown","sex",13380,"number"
"71","Florida","black_total","race",413733,"number"
"72","Florida","asian_total","race",2659,"number"
"73","Florida","white_total","race",721485,"number"
"74","Florida","hispanic_total","race",28452,"number"
"75","Florida","native_american_total","race",667,"number"
"76","Florida","other_total","race",1176,"number"
"77","Florida","unknown","race",7219,"number"
"78","Alabama","black_annual","race",0.46,"proportion"
"79","Alabama","white_annual","race",0.54,"proportion"
"80","Alabama","black_annual","race",18253,"number"
"81","Alabama","white_annual","race",21292,"number"
"82","Alabama","black_state","race",0.268,"proportion"
"83","Alabama","hispanic_state","race",0.042,"proportion"
"84","Alabama","asian_state","race",0.014,"proportion"
"85","Alabama","native_american_state","race",0.007,"proportion"
"86","Alabama","white_state","race",0.66,"proportion"
"87","Alabama","black_pop_collected","race",0.014,"proportion"
"88","Alabama","white_pop_collected","race",0.007,"proportion"
"89","Alaska","black_annual","race",0.076,"proportion"
"90","Alaska","hispanic_annual","race",0.028,"proportion"
"91","Alaska","asian_annual","race",0.03,"proportion"
"92","Alaska","native_american_annual","race",0.431,"proportion"
"93","Alaska","white_annual","race",0.435,"proportion"
"94","Alaska","black_annual","race",914,"number"
"95","Alaska","hispanic_annual","race",23604,"number"
"96","Alaska","asian_annual","race",365,"number"
"97","Alaska","native_american_annual","race",5191,"number"
"98","Alaska","white_annual","race",5237,"number"
"99","Alaska","black_state","race",0.039,"proportion"
"100","Alaska","hispanic_state","race",0.07,"proportion"
"101","Alaska","asian_state","race",0.063,"proportion"
"102","Alaska","native_american_state","race",0.148,"proportion"
"103","Alaska","white_state","race",0.615,"proportion"
"104","Alaska","black_pop_collected","race",0.032,"proportion"
"105","Alaska","hispanic_pop_collected","race",0.007,"proportion"
"106","Alaska","asian_pop_collected","race",0.008,"proportion"
"107","Alaska","native_american_pop_collected","race",0.047,"proportion"
"108","Alaska","white_pop_collected","race",0.012,"proportion"
"109","Arizona","black_annual","race",0.126,"proportion"
"110","Arizona","hispanic_annual","race",0.32,"proportion"
"111","Arizona","asian_annual","race",0.005,"proportion"
"112","Arizona","native_american_annual","race",0.082,"proportion"
"113","Arizona","white_annual","race",0.466,"proportion"
"114","Arizona","black_annual","race",9313,"number"
"115","Arizona","hispanic_annual","race",23604,"number"
"116","Arizona","asian_annual","race",358,"number"
"117","Arizona","native_american_annual","race",6041,"number"
"118","Arizona","white_annual","race",34353,"number"
"119","Arizona","black_state","race",0.048,"proportion"
"120","Arizona","hispanic_state","race",0.307,"proportion"
"121","Arizona","asian_state","race",0.034,"proportion"
"122","Arizona","native_american_state","race",0.053,"proportion"
"123","Arizona","white_state","race",0.558,"proportion"
"124","Arizona","black_pop_collected","race",0.028,"proportion"
"125","Arizona","hispanic_pop_collected","race",0.011,"proportion"
"126","Arizona","asian_pop_collected","race",0.002,"proportion"
"127","Arizona","native_american_pop_collected","race",0.016,"proportion"
"128","Arizona","white_pop_collected","race",0.009,"proportion"
"129","Arkansas","black_annual","race",0.423,"proportion"
"130","Arkansas","hispanic_annual","race",0.027,"proportion"
"131","Arkansas","asian_annual","race",4e-04,"proportion"
"132","Arkansas","white_annual","race",0.55,"proportion"
"133","Arkansas","black_annual","race",4401,"number"
"134","Arkansas","hispanic_annual","race",275,"number"
"135","Arkansas","asian_annual","race",4,"number"
"136","Arkansas","white_annual","race",5715,"number"
"137","Arkansas","black_state","race",0.157,"proportion"
"138","Arkansas","hispanic_state","race",0.072,"proportion"
"139","Arkansas","asian_state","race",0.016,"proportion"
"140","Arkansas","native_american_state","race",0.01,"number"
"141","Arkansas","white_state","race",0.731,"proportion"
"142","Arkansas","black_pop_collected","race",0.009,"proportion"
"143","Arkansas","hispanic_pop_collected","race",0.001,"proportion"
"144","Arkansas","asian_pop_collected","race",1e-04,"proportion"
"145","Arkansas","white_pop_collected","race",0.003,"proportion"
"146","California","black_annual","race",0.25,"proportion"
"147","California","hispanic_annual","race",0.376,"proportion"
"148","California","native_american_annual","race",0.004,"proportion"
"149","California","white_annual","race",0.37,"proportion"
"150","California","black_annual","race",141488,"number"
"151","California","hispanic_annual","race",213361,"number"
"152","California","native_american_annual","race",2177,"number"
"153","California","white_annual","race",210144,"number"
"154","California","black_state","race",0.065,"proportion"
"155","California","hispanic_state","race",0.388,"proportion"
"156","California","asian_state","race",0.147,"proportion"
"157","California","native_american_state","race",0.017,"proportion"
"158","California","white_state","race",0.38,"proportion"
"159","California","black_pop_collected","race",0.056,"proportion"
"160","California","hispanic_pop_collected","race",0.014,"proportion"
"161","California","native_american_pop_collected","race",0.003,"proportion"
"162","California","white_pop_collected","race",0.014,"proportion"
"163","Colorado","black_annual","race",0.128,"proportion"
"164","Colorado","hispanic_annual","race",0.24,"proportion"
"165","Colorado","asian_annual","race",3e-04,"proportion"
"166","Colorado","native_american_annual","race",8e-04,"proportion"
"167","Colorado","white_annual","race",0.631,"proportion"
"168","Colorado","black_annual","race",28486,"number"
"169","Colorado","hispanic_annual","race",53778,"number"
"170","Colorado","asian_annual","race",61,"number"
"171","Colorado","native_american_annual","race",189,"number"
"172","Colorado","white_annual","race",140920,"number"
"173","Colorado","black_state","race",0.045,"proportion"
"174","Colorado","hispanic_state","race",0.213,"proportion"
"175","Colorado","asian_state","race",0.032,"proportion"
"176","Colorado","native_american_state","race",0.016,"proportion"
"177","Colorado","white_state","race",0.687,"proportion"
"178","Colorado","black_pop_collected","race",0.114,"proportion"
"179","Colorado","hispanic_pop_collected","race",0.046,"proportion"
"180","Colorado","asian_pop_collected","race",3e-04,"proportion"
"181","Colorado","native_american_pop_collected","race",0.002,"proportion"
"182","Colorado","white_pop_collected","race",0.037,"proportion"
"183","Connecticut","black_annual","race",0.255,"proportion"
"184","Connecticut","hispanic_annual","race",0.181,"proportion"
"185","Connecticut","white_annual","race",0.564,"proportion"
"186","Connecticut","black_annual","race",2250,"number"
"187","Connecticut","hispanic_annual","race",1591,"number"
"188","Connecticut","white_annual","race",4968,"number"
"189","Connecticut","black_state","race",0.116,"proportion"
"190","Connecticut","hispanic_state","race",0.154,"proportion"
"191","Connecticut","asian_state","race",0.046,"proportion"
"192","Connecticut","native_american_state","race",0.005,"proportion"
"193","Connecticut","white_state","race",0.682,"proportion"
"194","Connecticut","black_pop_collected","race",0.005,"proportion"
"195","Connecticut","hispanic_pop_collected","race",0.003,"proportion"
"196","Connecticut","white_pop_collected","race",0.002,"proportion"
"197","Delaware","black_annual","race",0.799,"proportion"
"198","Delaware","hispanic_annual","race",0.056,"proportion"
"199","Delaware","white_annual","race",0.145,"proportion"
"200","Delaware","black_annual","race",9399,"number"
"201","Delaware","hispanic_annual","race",660,"number"
"202","Delaware","white_annual","race",1701,"number"
"203","Delaware","black_state","race",0.224,"proportion"
"204","Delaware","hispanic_state","race",0.09,"proportion"
"205","Delaware","asian_state","race",0.039,"proportion"
"206","Delaware","native_american_state","race",0.007,"proportion"
"207","Delaware","white_state","race",0.632,"proportion"
"208","Delaware","black_pop_collected","race",0.044,"proportion"
"209","Delaware","hispanic_pop_collected","race",0.008,"proportion"
"210","Delaware","white_pop_collected","race",0.003,"proportion"
"211","Florida","black_annual","race",0.348,"proportion"
"212","Florida","hispanic_annual","race",0.005,"proportion"
"213","Florida","asian_annual","race",0.006,"proportion"
"214","Florida","native_american_annual","race",0.001,"proportion"
"215","Florida","white_annual","race",0.64,"proportion"
"216","Florida","black_annual","race",20152,"number"
"217","Florida","hispanic_annual","race",4338,"number"
"218","Florida","asian_annual","race",4420,"number"
"219","Florida","native_american_annual","race",1074,"number"
"220","Florida","white_annual","race",514348,"number"
"221","Florida","black_state","race",0.168,"proportion"
"222","Florida","hispanic_state","race",0.245,"proportion"
"223","Florida","asian_state","race",0.028,"proportion"
"224","Florida","native_american_state","race",0.005,"proportion"
"225","Florida","white_state","race",0.553,"proportion"
"226","Florida","black_pop_collected","race",0.081,"proportion"
"227","Florida","hispanic_pop_collected","race",0.001,"proportion"
"228","Florida","asian_pop_collected","race",0.008,"proportion"
"229","Florida","native_american_pop_collected","race",0.1,"proportion"
"230","Florida","white_pop_collected","race",0.045,"proportion"
"231","Georgia","black_annual","race",0.545,"proportion"
"232","Georgia","hispanic_annual","race",0.024,"proportion"
"233","Georgia","asian_annual","race",0.004,"proportion"
"234","Georgia","native_american_annual","race",5e-04,"proportion"
"235","Georgia","white_annual","race",0.421,"proportion"
"236","Georgia","black_annual","race",9851,"number"
"237","Georgia","hispanic_annual","race",433,"number"
"238","Georgia","asian_annual","race",72,"number"
"239","Georgia","native_american_annual","race",9,"number"
"240","Georgia","white_annual","race",4682,"number"
"241","Georgia","black_state","race",0.317,"proportion"
"242","Georgia","hispanic_state","race",0.094,"proportion"
"243","Georgia","asian_state","race",0.04,"proportion"
"244","Georgia","native_american_state","race",0.005,"proportion"
"245","Georgia","white_state","race",0.539,"proportion"
"246","Georgia","black_pop_collected","race",0.003,"proportion"
"247","Georgia","hispanic_pop_collected","race",4e-04,"proportion"
"248","Georgia","asian_pop_collected","race",2e-04,"proportion"
"249","Georgia","native_american_pop_collected","race",2e-04,"proportion"
"250","Georgia","white_pop_collected","race",0.001,"proportion"
"251","Hawaii","black_annual","race",0.046,"proportion"
"252","Hawaii","hispanic_annual","race",0.046,"proportion"
"253","Hawaii","asian_annual","race",0.216,"proportion"
"254","Hawaii","native_american_annual","race",0.421,"proportion"
"255","Hawaii","white_annual","race",0.271,"proportion"
"256","Hawaii","black_annual","race",516,"number"
"257","Hawaii","hispanic_annual","race",516,"number"
"258","Hawaii","asian_annual","race",2399,"number"
"259","Hawaii","native_american_annual","race",4682,"number"
"260","Hawaii","white_annual","race",3018,"number"
"261","Hawaii","black_state","race",0.026,"proportion"
"262","Hawaii","hispanic_state","race",0.104,"proportion"
"263","Hawaii","asian_state","race",0.373,"proportion"
"264","Hawaii","native_american_state","race",0.099,"proportion"
"265","Hawaii","white_state","race",0.229,"proportion"
"266","Hawaii","black_pop_collected","race",0.014,"proportion"
"267","Hawaii","hispanic_pop_collected","race",0.004,"proportion"
"268","Hawaii","asian_pop_collected","race",0.005,"proportion"
"269","Hawaii","native_american_pop_collected","race",0.033,"proportion"
"270","Hawaii","white_pop_collected","race",0.009,"proportion"
"271","Idaho","black_annual","race",0.03,"proportion"
"272","Idaho","hispanic_annual","race",0.162,"proportion"
"273","Idaho","native_american_annual","race",3,"proportion"
"274","Idaho","white_annual","race",0.778,"proportion"
"275","Idaho","black_annual","race",244,"number"
"276","Idaho","hispanic_annual","race",1300,"number"
"277","Idaho","native_american_annual","race",244,"number"
"278","Idaho","white_annual","race",6253,"number"
"279","Idaho","black_state","race",0.008,"proportion"
"280","Idaho","hispanic_state","race",0.122,"proportion"
"281","Idaho","asian_state","race",0.015,"proportion"
"282","Idaho","native_american_state","race",0.017,"proportion"
"283","Idaho","white_state","race",0.825,"proportion"
"284","Idaho","black_pop_collected","race",0.018,"proportion"
"285","Idaho","hispanic_pop_collected","race",0.006,"proportion"
"286","Idaho","native_american_pop_collected","race",0.009,"proportion"
"287","Idaho","white_pop_collected","race",0.005,"proportion"
"288","Illinois","black_annual","race",0.582,"proportion"
"289","Illinois","hispanic_annual","race",0.126,"proportion"
"290","Illinois","white_annual","race",0.293,"proportion"
"291","Illinois","black_annual","race",18094,"number"
"292","Illinois","hispanic_annual","race",3906,"number"
"293","Illinois","white_annual","race",9094,"number"
"294","Illinois","black_state","race",0.147,"proportion"
"295","Illinois","hispanic_state","race",0.169,"proportion"
"296","Illinois","asian_state","race",0.055,"proportion"
"297","Illinois","native_american_state","race",0.006,"proportion"
"298","Illinois","white_state","race",0.619,"proportion"
"299","Illinois","black_pop_collected","race",0.01,"proportion"
"300","Illinois","hispanic_pop_collected","race",0.002,"proportion"
"301","Illinois","white_pop_collected","race",0.001,"proportion"
"302","Indiana","black_annual","race",0.248,"proportion"
"303","Indiana","hispanic_annual","race",0.028,"proportion"
"304","Indiana","white_annual","race",0.724,"proportion"
"305","Indiana","black_annual","race",3591,"number"
"306","Indiana","hispanic_annual","race",398,"number"
"307","Indiana","white_annual","race",10479,"number"
"308","Indiana","black_state","race",0.096,"proportion"
"309","Indiana","hispanic_state","race",0.067,"proportion"
"310","Indiana","asian_state","race",0.021,"proportion"
"311","Indiana","native_american_state","race",0.004,"proportion"
"312","Indiana","white_state","race",0.8,"proportion"
"313","Indiana","black_pop_collected","race",0.006,"proportion"
"314","Indiana","hispanic_pop_collected","race",0.001,"proportion"
"315","Indiana","white_pop_collected","race",0.002,"proportion"
"316","Iowa","black_annual","race",0.208,"proportion"
"317","Iowa","hispanic_annual","race",0.033,"proportion"
"318","Iowa","asian_annual","race",0.009,"proportion"
"319","Iowa","native_american_annual","race",0.011,"proportion"
"320","Iowa","white_annual","race",0.74,"proportion"
"321","Iowa","black_annual","race",4793,"number"
"322","Iowa","hispanic_annual","race",751,"number"
"323","Iowa","asian_annual","race",199,"number"
"324","Iowa","native_american_annual","race",253,"number"
"325","Iowa","white_annual","race",17021,"number"
"326","Iowa","black_state","race",0.035,"proportion"
"327","Iowa","hispanic_state","race",0.057,"proportion"
"328","Iowa","asian_state","race",0.024,"proportion"
"329","Iowa","native_american_state","race",0.005,"proportion"
"330","Iowa","white_state","race",0.867,"proportion"
"331","Iowa","black_pop_collected","race",0.044,"proportion"
"332","Iowa","hispanic_pop_collected","race",0.004,"proportion"
"333","Iowa","asian_pop_collected","race",0.003,"proportion"
"334","Iowa","native_american_pop_collected","race",0.016,"proportion"
"335","Iowa","white_pop_collected","race",0.006,"proportion"
"336","Kansas","black_annual","race",0.268,"proportion"
"337","Kansas","asian_annual","race",0.001,"proportion"
"338","Kansas","native_american_annual","race",0.003,"proportion"
"339","Kansas","white_annual","race",0.728,"proportion"
"340","Kansas","black_annual","race",13016,"number"
"341","Kansas","asian_annual","race",62,"number"
"342","Kansas","native_american_annual","race",142,"number"
"343","Kansas","white_annual","race",35318,"number"
"344","Kansas","black_state","race",0.063,"proportion"
"345","Kansas","hispanic_state","race",0.116,"proportion"
"346","Kansas","asian_state","race",0.029,"proportion"
"347","Kansas","native_american_state","race",0.012,"proportion"
"348","Kansas","white_state","race",0.764,"proportion"
"349","Kansas","black_pop_collected","race",0.07,"proportion"
"350","Kansas","asian_pop_collected","race",0.001,"proportion"
"351","Kansas","native_american_pop_collected","race",0.004,"proportion"
"352","Kansas","white_pop_collected","race",0.006,"proportion"
"353","Kentucky","black_annual","race",0.293,"proportion"
"354","Kentucky","hispanic_annual","race",0.051,"proportion"
"355","Kentucky","native_american_annual","race",0.01,"proportion"
"356","Kentucky","white_annual","race",0.647,"proportion"
"357","Kentucky","black_annual","race",34762,"number"
"358","Kentucky","hispanic_annual","race",5993,"number"
"359","Kentucky","native_american_annual","race",1199,"number"
"360","Kentucky","white_annual","race",76716,"number"
"361","Kentucky","black_state","race",0.083,"proportion"
"362","Kentucky","hispanic_state","race",0.034,"proportion"
"363","Kentucky","asian_state","race",0.014,"proportion"
"364","Kentucky","native_american_state","race",0.003,"proportion"
"365","Kentucky","white_state","race",0.851,"proportion"
"366","Kentucky","black_pop_collected","race",0.094,"proportion"
"367","Kentucky","hispanic_pop_collected","race",0.04,"proportion"
"368","Kentucky","native_american_pop_collected","race",0.09,"proportion"
"369","Kentucky","white_pop_collected","race",0.02,"proportion"
"370","Louisiana","black_annual","race",0.658,"proportion"
"371","Louisiana","hispanic_annual","race",0.04,"proportion"
"372","Louisiana","white_annual","race",0.302,"proportion"
"373","Louisiana","black_annual","race",10840,"number"
"374","Louisiana","hispanic_annual","race",657,"number"
"375","Louisiana","white_annual","race",4972,"number"
"376","Louisiana","black_state","race",0.325,"proportion"
"377","Louisiana","hispanic_state","race",0.05,"proportion"
"378","Louisiana","asian_state","race",0.018,"proportion"
"379","Louisiana","native_american_state","race",0.008,"proportion"
"380","Louisiana","white_state","race",0.591,"proportion"
"381","Louisiana","black_pop_collected","race",0.007,"proportion"
"382","Louisiana","hispanic_pop_collected","race",0.003,"proportion"
"383","Louisiana","white_pop_collected","race",0.002,"proportion"
"384","Maine","black_annual","race",0.071,"proportion"
"385","Maine","hispanic_annual","race",0.02,"proportion"
"386","Maine","native_american_annual","race",0.02,"proportion"
"387","Maine","white_annual","race",0.889,"proportion"
"388","Maine","black_annual","race",226,"number"
"389","Maine","hispanic_annual","race",65,"number"
"390","Maine","native_american_annual","race",65,"number"
"391","Maine","white_annual","race",2846,"number"
"392","Maine","black_state","race",0.014,"proportion"
"393","Maine","hispanic_state","race",0.016,"proportion"
"394","Maine","asian_state","race",0.012,"proportion"
"395","Maine","native_american_state","race",0.007,"proportion"
"396","Maine","white_state","race",0.936,"proportion"
"397","Maine","black_pop_collected","race",0.012,"proportion"
"398","Maine","hispanic_pop_collected","race",0.003,"proportion"
"399","Maine","native_american_pop_collected","race",0.007,"proportion"
"400","Maine","white_pop_collected","race",0.002,"proportion"
"401","Maryland","black_annual","race",0.628,"proportion"
"402","Maryland","asian_annual","race",0.007,"proportion"
"403","Maryland","native_american_annual","race",0.001,"proportion"
"404","Maryland","white_annual","race",0.364,"proportion"
"405","Maryland","black_annual","race",34835,"number"
"406","Maryland","asian_annual","race",372,"number"
"407","Maryland","native_american_annual","race",77,"number"
"408","Maryland","white_annual","race",20207,"number"
"409","Maryland","black_state","race",0.305,"proportion"
"410","Maryland","hispanic_state","race",0.095,"proportion"
"411","Maryland","asian_state","race",0.065,"proportion"
"412","Maryland","native_american_state","race",0.006,"proportion"
"413","Maryland","white_state","race",0.052,"proportion"
"414","Maryland","black_pop_collected","race",0.019,"proportion"
"415","Maryland","asian_pop_collected","race",0.001,"proportion"
"416","Maryland","native_american_pop_collected","race",0.002,"proportion"
"417","Maryland","white_pop_collected","race",0.007,"proportion"
"418","Massachusetts","black_annual","race",0.185,"proportion"
"419","Massachusetts","hispanic_annual","race",0.156,"proportion"
"420","Massachusetts","white_annual","race",0.659,"proportion"
"421","Massachusetts","black_annual","race",2712,"number"
"422","Massachusetts","hispanic_annual","race",2288,"number"
"423","Massachusetts","white_annual","race",9681,"number"
"424","Massachusetts","black_state","race",0.084,"proportion"
"425","Massachusetts","hispanic_state","race",0.112,"proportion"
"426","Massachusetts","asian_state","race",0.066,"proportion"
"427","Massachusetts","native_american_state","race",0.005,"proportion"
"428","Massachusetts","white_state","race",0.735,"proportion"
"429","Massachusetts","black_pop_collected","race",0.005,"proportion"
"430","Massachusetts","hispanic_pop_collected","race",0.003,"proportion"
"431","Massachusetts","white_pop_collected","race",0.002,"proportion"
"432","Michigan","black_annual","race",0.334,"proportion"
"433","Michigan","hispanic_annual","race",0.001,"proportion"
"434","Michigan","asian_annual","race",0.004,"proportion"
"435","Michigan","native_american_annual","race",0.005,"proportion"
"436","Michigan","white_annual","race",0.655,"proportion"
"437","Michigan","black_annual","race",85888,"number"
"438","Michigan","hispanic_annual","race",357,"number"
"439","Michigan","asian_annual","race",946,"number"
"440","Michigan","native_american_annual","race",1347,"number"
"441","Michigan","white_annual","race",168422,"number"
"442","Michigan","black_state","race",0.142,"proportion"
"443","Michigan","hispanic_state","race",0.049,"proportion"
"444","Michigan","asian_state","race",0.03,"proportion"
"445","Michigan","native_american_state","race",0.007,"proportion"
"446","Michigan","white_state","race",0.756,"proportion"
"447","Michigan","black_pop_collected","race",0.061,"proportion"
"448","Michigan","hispanic_pop_collected","race",0.001,"proportion"
"449","Michigan","asian_pop_collected","race",0.003,"proportion"
"450","Michigan","native_american_pop_collected","race",0.019,"proportion"
"451","Michigan","white_pop_collected","race",0.022,"proportion"
"452","Minnesota","black_annual","race",0.256,"proportion"
"453","Minnesota","asian_annual","race",0.027,"proportion"
"454","Minnesota","native_american_annual","race",0.051,"proportion"
"455","Minnesota","white_annual","race",0.667,"proportion"
"456","Minnesota","black_annual","race",39743,"number"
"457","Minnesota","asian_annual","race",4129,"number"
"458","Minnesota","native_american_annual","race",7912,"number"
"459","Minnesota","white_annual","race",103741,"number"
"460","Minnesota","black_state","race",0.06,"proportion"
"461","Minnesota","hispanic_state","race",0.052,"proportion"
"462","Minnesota","asian_state","race",0.049,"proportion"
"463","Minnesota","native_american_state","race",0.013,"proportion"
"464","Minnesota","white_state","race",0.81,"proportion"
"465","Minnesota","black_pop_collected","race",0.12,"proportion"
"466","Minnesota","asian_pop_collected","race",0.015,"proportion"
"467","Minnesota","native_american_pop_collected","race",0.11,"proportion"
"468","Minnesota","white_pop_collected","race",0.023,"proportion"
"469","Mississippi","black_annual","race",0.596,"proportion"
"470","Mississippi","hispanic_annual","race",0.009,"proportion"
"471","Mississippi","white_annual","race",0.395,"proportion"
"472","Mississippi","black_annual","race",6328,"number"
"473","Mississippi","hispanic_annual","race",91,"number"
"474","Mississippi","white_annual","race",4193,"number"
"475","Mississippi","black_state","race",0.376,"proportion"
"476","Mississippi","hispanic_state","race",0.031,"proportion"
"477","Mississippi","asian_state","race",0.011,"proportion"
"478","Mississippi","native_american_state","race",0.006,"proportion"
"479","Mississippi","white_state","race",0.57,"proportion"
"480","Mississippi","black_pop_collected","race",0.006,"proportion"
"481","Mississippi","hispanic_pop_collected","race",0.001,"proportion"
"482","Mississippi","white_pop_collected","race",0.003,"proportion"
"483","Missouri","black_annual","race",0.314,"proportion"
"484","Missouri","hispanic_annual","race",0.011,"proportion"
"485","Missouri","asian_annual","race",0.004,"proportion"
"486","Missouri","native_american_annual","race",0.002,"proportion"
"487","Missouri","white_annual","race",0.669,"proportion"
"488","Missouri","black_annual","race",3701,"number"
"489","Missouri","hispanic_annual","race",130,"number"
"490","Missouri","asian_annual","race",50,"number"
"491","Missouri","native_american_annual","race",20,"number"
"492","Missouri","white_annual","race",7882,"number"
"493","Missouri","black_state","race",0.118,"proportion"
"494","Missouri","hispanic_state","race",0.041,"proportion"
"495","Missouri","asian_state","race",0.02,"proportion"
"496","Missouri","native_american_state","race",0.006,"proportion"
"497","Missouri","white_state","race",0.798,"proportion"
"498","Missouri","black_pop_collected","race",0.005,"proportion"
"499","Missouri","hispanic_pop_collected","race",0.001,"proportion"
"500","Missouri","asian_pop_collected","race",4e-04,"proportion"
"501","Missouri","native_american_pop_collected","race",0.001,"proportion"
"502","Missouri","white_pop_collected","race",0.002,"proportion"
"503","Montana","black_annual","race",0.019,"proportion"
"504","Montana","asian_annual","race",0.01,"proportion"
"505","Montana","native_american_annual","race",0.174,"proportion"
"506","Montana","white_annual","race",0.797,"proportion"
"507","Montana","black_annual","race",47,"number"
"508","Montana","asian_annual","race",24,"number"
"509","Montana","native_american_annual","race",428,"number"
"510","Montana","white_annual","race",1961,"number"
"511","Montana","black_state","race",0.006,"proportion"
"512","Montana","hispanic_state","race",0.036,"proportion"
"513","Montana","asian_state","race",0.008,"proportion"
"514","Montana","native_american_state","race",0.066,"proportion"
"515","Montana","white_state","race",0.865,"proportion"
"516","Montana","black_pop_collected","race",0.008,"proportion"
"517","Montana","asian_pop_collected","race",0.003,"proportion"
"518","Montana","native_american_pop_collected","race",0.006,"proportion"
"519","Montana","white_pop_collected","race",0.002,"proportion"
"520","Nebraska","black_annual","race",0.231,"proportion"
"521","Nebraska","hispanic_annual","race",0.114,"proportion"
"522","Nebraska","asian_annual","race",0.005,"proportion"
"523","Nebraska","native_american_annual","race",0.046,"proportion"
"524","Nebraska","white_annual","race",0.605,"proportion"
"525","Nebraska","black_annual","race",566,"number"
"526","Nebraska","hispanic_annual","race",279,"number"
"527","Nebraska","asian_annual","race",11,"number"
"528","Nebraska","native_american_annual","race",112,"number"
"529","Nebraska","white_annual","race",1483,"number"
"530","Nebraska","black_state","race",0.05,"proportion"
"531","Nebraska","hispanic_state","race",0.104,"proportion"
"532","Nebraska","asian_state","race",0.023,"proportion"
"533","Nebraska","native_american_state","race",0.014,"proportion"
"534","Nebraska","white_state","race",0.8,"proportion"
"535","Nebraska","black_pop_collected","race",0.006,"proportion"
"536","Nebraska","hispanic_pop_collected","race",0.001,"proportion"
"537","Nebraska","asian_pop_collected","race",3e-04,"proportion"
"538","Nebraska","native_american_pop_collected","race",0.004,"proportion"
"539","Nebraska","white_pop_collected","race",0.001,"proportion"
"540","Nevada","black_annual","race",0.285,"proportion"
"541","Nevada","hispanic_annual","race",0.213,"proportion"
"542","Nevada","asian_annual","race",0.024,"proportion"
"543","Nevada","native_american_annual","race",0.018,"proportion"
"544","Nevada","white_annual","race",0.46,"proportion"
"545","Nevada","black_annual","race",1602,"number"
"546","Nevada","hispanic_annual","race",1201,"number"
"547","Nevada","asian_annual","race",135,"number"
"548","Nevada","native_american_annual","race",101,"number"
"549","Nevada","white_annual","race",2590,"number"
"550","Nevada","black_state","race",0.093,"proportion"
"551","Nevada","hispanic_state","race",0.281,"proportion"
"552","Nevada","asian_state","race",0.085,"proportion"
"553","Nevada","native_american_state","race",0.016,"proportion"
"554","Nevada","white_state","race",0.507,"proportion"
"555","Nevada","black_pop_collected","race",0.006,"proportion"
"556","Nevada","hispanic_pop_collected","race",0.002,"proportion"
"557","Nevada","asian_pop_collected","race",0.001,"proportion"
"558","Nevada","native_american_pop_collected","race",0.002,"proportion"
"559","Nevada","white_pop_collected","race",0.002,"proportion"
"560","New_Hampshire","black_annual","race",0.064,"proportion"
"561","New_Hampshire","asian_annual","race",0.005,"proportion"
"562","New_Hampshire","native_american_annual","race",0.005,"proportion"
"563","New_Hampshire","white_annual","race",0.926,"proportion"
"564","New_Hampshire","black_annual","race",40,"number"
"565","New_Hampshire","asian_annual","race",3,"number"
"566","New_Hampshire","native_american_annual","race",3,"number"
"567","New_Hampshire","white_annual","race",578,"number"
"568","New_Hampshire","black_state","race",0.015,"proportion"
"569","New_Hampshire","hispanic_state","race",0.034,"proportion"
"570","New_Hampshire","asian_state","race",0.026,"proportion"
"571","New_Hampshire","native_american_state","race",0.002,"proportion"
"572","New_Hampshire","white_state","race",0.91,"proportion"
"573","New_Hampshire","black_pop_collected","race",0.002,"proportion"
"574","New_Hampshire","asian_pop_collected","race",1e-04,"proportion"
"575","New_Hampshire","native_american_pop_collected","race",0.001,"proportion"
"576","New_Hampshire","white_pop_collected","race",0.001,"proportion"
"577","New_Jersey","black_annual","race",0.528,"proportion"
"578","New_Jersey","hispanic_annual","race",0.084,"proportion"
"579","New_Jersey","asian_annual","race",0.013,"proportion"
"580","New_Jersey","native_american_annual","race",0.001,"proportion"
"581","New_Jersey","white_annual","race",0.375,"proportion"
"582","New_Jersey","black_annual","race",9444,"number"
"583","New_Jersey","hispanic_annual","race",1499,"number"
"584","New_Jersey","asian_annual","race",225,"number"
"585","New_Jersey","native_american_annual","race",22,"number"
"586","New_Jersey","white_annual","race",6708,"number"
"587","New_Jersey","black_state","race",0.148,"proportion"
"588","New_Jersey","hispanic_state","race",0.197,"proportion"
"589","New_Jersey","asian_state","race",0.097,"proportion"
"590","New_Jersey","native_american_state","race",0.006,"proportion"
"591","New_Jersey","white_state","race",0.562,"proportion"
"592","New_Jersey","black_pop_collected","race",0.007,"proportion"
"593","New_Jersey","hispanic_pop_collected","race",0.001,"proportion"
"594","New_Jersey","asian_pop_collected","race",3e-04,"proportion"
"595","New_Jersey","native_american_pop_collected","race",4e-04,"proportion"
"596","New_Jersey","white_pop_collected","race",0.001,"proportion"
"597","New_Mexico","black_annual","race",0.06,"proportion"
"598","New_Mexico","hispanic_annual","race",0.52,"proportion"
"599","New_Mexico","native_american_annual","race",0.11,"proportion"
"600","New_Mexico","white_annual","race",0.31,"proportion"
"601","New_Mexico","black_annual","race",157,"number"
"602","New_Mexico","hispanic_annual","race",1363,"number"
"603","New_Mexico","native_american_annual","race",288,"number"
"604","New_Mexico","white_annual","race",813,"number"
"605","New_Mexico","black_state","race",0.026,"proportion"
"606","New_Mexico","hispanic_state","race",0.48,"proportion"
"607","New_Mexico","asian_state","race",0.017,"proportion"
"608","New_Mexico","native_american_state","race",0.105,"proportion"
"609","New_Mexico","white_state","race",0.384,"proportion"
"610","New_Mexico","black_pop_collected","race",0.003,"proportion"
"611","New_Mexico","hispanic_pop_collected","race",0.001,"proportion"
"612","New_Mexico","native_american_pop_collected","race",0.001,"proportion"
"613","New_Mexico","white_pop_collected","race",0.001,"proportion"
"614","New_York","black_annual","race",0.518,"proportion"
"615","New_York","hispanic_annual","race",0.316,"proportion"
"616","New_York","asian_annual","race",0.037,"proportion"
"617","New_York","white_annual","race",0.129,"proportion"
"618","New_York","black_annual","race",68684,"number"
"619","New_York","hispanic_annual","race",41970,"number"
"620","New_York","asian_annual","race",4939,"number"
"621","New_York","white_annual","race",17116,"number"
"622","New_York","black_state","race",0.176,"proportion"
"623","New_York","hispanic_state","race",0.188,"proportion"
"624","New_York","asian_state","race",0.088,"proportion"
"625","New_York","native_american_state","race",0.001,"proportion"
"626","New_York","white_state","race",0.56,"proportion"
"627","New_York","black_pop_collected","race",0.02,"proportion"
"628","New_York","hispanic_pop_collected","race",0.011,"proportion"
"629","New_York","asian_pop_collected","race",0.003,"proportion"
"630","New_York","white_pop_collected","race",0.002,"proportion"
"631","North_Carolina","black_annual","race",0.523,"proportion"
"632","North_Carolina","asian_annual","race",5e-04,"proportion"
"633","North_Carolina","native_american_annual","race",0.001,"proportion"
"634","North_Carolina","white_annual","race",0.475,"proportion"
"635","North_Carolina","black_annual","race",12270,"number"
"636","North_Carolina","asian_annual","race",11,"number"
"637","North_Carolina","native_american_annual","race",31,"number"
"638","North_Carolina","white_annual","race",11138,"number"
"639","North_Carolina","black_state","race",0.221,"proportion"
"640","North_Carolina","hispanic_state","race",0.091,"proportion"
"641","North_Carolina","asian_state","race",0.028,"proportion"
"642","North_Carolina","native_american_state","race",0.016,"proportion"
"643","North_Carolina","white_state","race",0.638,"proportion"
"644","North_Carolina","black_pop_collected","race",0.006,"proportion"
"645","North_Carolina","native_american_pop_collected","race",2e-04,"proportion"
"646","North_Carolina","white_pop_collected","race",0.002,"proportion"
"647","North_Dakota","black_annual","race",0.092,"proportion"
"648","North_Dakota","hispanic_annual","race",0.003,"proportion"
"649","North_Dakota","asian_annual","race",0.006,"proportion"
"650","North_Dakota","native_american_annual","race",0.151,"proportion"
"651","North_Dakota","white_annual","race",0.745,"proportion"
"652","North_Dakota","black_annual","race",2983,"number"
"653","North_Dakota","hispanic_annual","race",92,"number"
"654","North_Dakota","asian_annual","race",178,"number"
"655","North_Dakota","native_american_annual","race",4893,"number"
"656","North_Dakota","white_annual","race",24363,"number"
"657","North_Dakota","black_state","race",0.024,"proportion"
"658","North_Dakota","hispanic_state","race",0.035,"proportion"
"659","North_Dakota","asian_state","race",0.014,"proportion"
"660","North_Dakota","native_american_state","race",0.055,"proportion"
"661","North_Dakota","white_state","race",0.858,"proportion"
"662","North_Dakota","black_pop_collected","race",0.164,"proportion"
"663","North_Dakota","hispanic_pop_collected","race",0.004,"proportion"
"664","North_Dakota","asian_pop_collected","race",0.017,"proportion"
"665","North_Dakota","native_american_pop_collected","race",0.117,"proportion"
"666","North_Dakota","white_pop_collected","race",0.038,"proportion"
"667","Ohio","black_annual","race",0.362,"proportion"
"668","Ohio","hispanic_annual","race",0.006,"proportion"
"669","Ohio","asian_annual","race",3e-04,"proportion"
"670","Ohio","native_american_annual","race",2e-04,"proportion"
"671","Ohio","white_annual","race",0.632,"proportion"
"672","Ohio","black_annual","race",26015,"number"
"673","Ohio","hispanic_annual","race",402,"number"
"674","Ohio","asian_annual","race",25,"number"
"675","Ohio","native_american_annual","race",17,"number"
"676","Ohio","white_annual","race",45454,"number"
"677","Ohio","black_state","race",0.127,"proportion"
"678","Ohio","hispanic_state","race",0.036,"proportion"
"679","Ohio","asian_state","race",0.021,"proportion"
"680","Ohio","native_american_state","race",0.003,"proportion"
"681","Ohio","white_state","race",0.798,"proportion"
"682","Ohio","black_pop_collected","race",0.018,"proportion"
"683","Ohio","hispanic_pop_collected","race",0.001,"proportion"
"684","Ohio","asian_pop_collected","race",1e-04,"proportion"
"685","Ohio","native_american_pop_collected","race",0.001,"proportion"
"686","Ohio","white_pop_collected","race",0.005,"proportion"
"687","Oklahoma","black_annual","race",0.267,"proportion"
"688","Oklahoma","hispanic_annual","race",0.077,"proportion"
"689","Oklahoma","native_american_annual","race",0.108,"proportion"
"690","Oklahoma","white_annual","race",0.549,"proportion"
"691","Oklahoma","black_annual","race",2841,"number"
"692","Oklahoma","hispanic_annual","race",815,"number"
"693","Oklahoma","native_american_annual","race",1147,"number"
"694","Oklahoma","white_annual","race",5853,"number"
"695","Oklahoma","black_state","race",0.078,"proportion"
"696","Oklahoma","hispanic_state","race",0.101,"proportion"
"697","Oklahoma","asian_state","race",0.022,"proportion"
"698","Oklahoma","native_american_state","race",0.091,"proportion"
"699","Oklahoma","white_state","race",0.665,"proportion"
"700","Oklahoma","black_pop_collected","race",0.009,"proportion"
"701","Oklahoma","hispanic_pop_collected","race",0.002,"proportion"
"702","Oklahoma","native_american_pop_collected","race",0.003,"proportion"
"703","Oklahoma","white_pop_collected","race",0.002,"proportion"
"704","Oregon","black_annual","race",0.102,"proportion"
"705","Oregon","hispanic_annual","race",0.163,"proportion"
"706","Oregon","native_american_annual","race",0.031,"proportion"
"707","Oregon","white_annual","race",0.704,"proportion"
"708","Oregon","black_annual","race",515,"number"
"709","Oregon","hispanic_annual","race",824,"number"
"710","Oregon","native_american_annual","race",154,"number"
"711","Oregon","white_annual","race",3552,"number"
"712","Oregon","black_state","race",0.021,"proportion"
"713","Oregon","hispanic_state","race",0.127,"proportion"
"714","Oregon","asian_state","race",0.044,"proportion"
"715","Oregon","native_american_state","race",0.018,"proportion"
"716","Oregon","white_state","race",0.766,"proportion"
"717","Oregon","black_pop_collected","race",0.006,"proportion"
"718","Oregon","hispanic_pop_collected","race",0.002,"proportion"
"719","Oregon","native_american_pop_collected","race",0.002,"proportion"
"720","Oregon","white_pop_collected","race",0.001,"proportion"
"721","Pennsylvania","black_annual","race",0.406,"proportion"
"722","Pennsylvania","hispanic_annual","race",0.097,"proportion"
"723","Pennsylvania","white_annual","race",0.497,"proportion"
"724","Pennsylvania","black_annual","race",4159,"number"
"725","Pennsylvania","hispanic_annual","race",991,"number"
"726","Pennsylvania","white_annual","race",5088,"number"
"727","Pennsylvania","black_state","race",0.117,"proportion"
"728","Pennsylvania","hispanic_state","race",0.068,"proportion"
"729","Pennsylvania","asian_state","race",0.034,"proportion"
"730","Pennsylvania","native_american_state","race",0.004,"proportion"
"731","Pennsylvania","white_state","race",0.774,"proportion"
"732","Pennsylvania","black_pop_collected","race",0.003,"proportion"
"733","Pennsylvania","hispanic_pop_collected","race",0.001,"proportion"
"734","Pennsylvania","white_pop_collected","race",0.001,"proportion"
"735","Rhode_Island","black_annual","race",0.254,"proportion"
"736","Rhode_Island","hispanic_annual","race",0.203,"proportion"
"737","Rhode_Island","white_annual","race",0.543,"proportion"
"738","Rhode_Island","black_annual","race",3672,"number"
"739","Rhode_Island","hispanic_annual","race",2941,"number"
"740","Rhode_Island","white_annual","race",7852,"number"
"741","Rhode_Island","black_state","race",0.079,"proportion"
"742","Rhode_Island","hispanic_state","race",0.144,"proportion"
"743","Rhode_Island","asian_state","race",0.036,"proportion"
"744","Rhode_Island","native_american_state","race",0.01,"proportion"
"745","Rhode_Island","white_state","race",0.739,"proportion"
"746","Rhode_Island","black_pop_collected","race",0.044,"proportion"
"747","Rhode_Island","hispanic_pop_collected","race",0.019,"proportion"
"748","Rhode_Island","white_pop_collected","race",0.01,"proportion"
"749","South_Carolina","black_annual","race",0.54,"proportion"
"750","South_Carolina","white_annual","race",0.46,"proportion"
"751","South_Carolina","black_annual","race",3752,"number"
"752","South_Carolina","white_annual","race",3203,"number"
"753","South_Carolina","black_state","race",0.276,"proportion"
"754","South_Carolina","hispanic_state","race",0.055,"proportion"
"755","South_Carolina","asian_state","race",0.016,"proportion"
"756","South_Carolina","native_american_state","race",0.005,"proportion"
"757","South_Carolina","white_state","race",0.638,"proportion"
"758","South_Carolina","black_pop_collected","race",0.003,"proportion"
"759","South_Carolina","white_pop_collected","race",0.001,"proportion"
"760","South_Dakota","black_annual","race",0.073,"proportion"
"761","South_Dakota","asian_annual","race",0.007,"proportion"
"762","South_Dakota","native_american_annual","race",0.296,"proportion"
"763","South_Dakota","white_annual","race",0.625,"proportion"
"764","South_Dakota","black_annual","race",2961,"number"
"765","South_Dakota","asian_annual","race",287,"number"
"766","South_Dakota","native_american_annual","race",12028,"number"
"767","South_Dakota","white_annual","race",25411,"number"
"768","South_Dakota","black_state","race",0.018,"proportion"
"769","South_Dakota","hispanic_state","race",0.036,"proportion"
"770","South_Dakota","asian_state","race",0.014,"proportion"
"771","South_Dakota","native_american_state","race",0.089,"proportion"
"772","South_Dakota","white_state","race",0.829,"proportion"
"773","South_Dakota","black_pop_collected","race",0.19,"proportion"
"774","South_Dakota","asian_pop_collected","race",0.024,"proportion"
"775","South_Dakota","native_american_pop_collected","race",0.156,"proportion"
"776","South_Dakota","white_pop_collected","race",0.035,"proportion"
"777","Tennessee","black_annual","race",0.359,"proportion"
"778","Tennessee","hispanic_annual","race",0.005,"proportion"
"779","Tennessee","asian_annual","race",0.003,"proportion"
"780","Tennessee","native_american_annual","race",0.001,"proportion"
"781","Tennessee","white_annual","race",0.632,"proportion"
"782","Tennessee","black_annual","race",14544,"number"
"783","Tennessee","hispanic_annual","race",213,"number"
"784","Tennessee","asian_annual","race",127,"number"
"785","Tennessee","native_american_annual","race",40,"number"
"786","Tennessee","white_annual","race",25620,"number"
"787","Tennessee","black_state","race",0.171,"proportion"
"788","Tennessee","hispanic_state","race",0.052,"proportion"
"789","Tennessee","asian_state","race",0.018,"proportion"
"790","Tennessee","native_american_state","race",0.004,"proportion"
"791","Tennessee","white_state","race",0.744,"proportion"
"792","Tennessee","black_pop_collected","race",0.013,"proportion"
"793","Tennessee","hispanic_pop_collected","race",0.001,"proportion"
"794","Tennessee","asian_pop_collected","race",0.001,"proportion"
"795","Tennessee","native_american_pop_collected","race",0.002,"proportion"
"796","Tennessee","white_pop_collected","race",0.005,"proportion"
"797","Texas","black_annual","race",0.312,"proportion"
"798","Texas","hispanic_annual","race",0.328,"proportion"
"799","Texas","white_annual","race",0.36,"proportion"
"800","Texas","black_annual","race",22169,"number"
"801","Texas","hispanic_annual","race",23267,"number"
"802","Texas","white_annual","race",25519,"number"
"803","Texas","black_state","race",0.125,"proportion"
"804","Texas","hispanic_state","race",0.388,"proportion"
"805","Texas","asian_state","race",0.047,"proportion"
"806","Texas","native_american_state","race",0.01,"proportion"
"807","Texas","white_state","race",0.43,"proportion"
"808","Texas","black_pop_collected","race",0.006,"proportion"
"809","Texas","hispanic_pop_collected","race",0.002,"proportion"
"810","Texas","white_pop_collected","race",0.002,"proportion"
"811","Utah","black_annual","race",0.054,"proportion"
"812","Utah","hispanic_annual","race",0.001,"proportion"
"813","Utah","asian_annual","race",0.024,"proportion"
"814","Utah","native_american_annual","race",0.059,"proportion"
"815","Utah","white_annual","race",0.862,"proportion"
"816","Utah","black_annual","race",5993,"number"
"817","Utah","hispanic_annual","race",141,"number"
"818","Utah","asian_annual","race",2597,"number"
"819","Utah","native_american_annual","race",6466,"number"
"820","Utah","white_annual","race",94992,"number"
"821","Utah","black_state","race",0.013,"proportion"
"822","Utah","hispanic_state","race",0.137,"proportion"
"823","Utah","asian_state","race",0.025,"proportion"
"824","Utah","native_american_state","race",0.015,"proportion"
"825","Utah","white_state","race",0.79,"proportion"
"826","Utah","black_pop_collected","race",0.15,"proportion"
"827","Utah","hispanic_pop_collected","race",3e-04,"proportion"
"828","Utah","asian_pop_collected","race",0.034,"proportion"
"829","Utah","native_american_pop_collected","race",0.141,"proportion"
"830","Utah","white_pop_collected","race",0.039,"proportion"
"831","Vermont","black_annual","race",0.107,"proportion"
"832","Vermont","asian_annual","race",0.009,"proportion"
"833","Vermont","native_american_annual","race",0.004,"proportion"
"834","Vermont","white_annual","race",0.88,"proportion"
"835","Vermont","black_annual","race",295,"number"
"836","Vermont","asian_annual","race",25,"number"
"837","Vermont","native_american_annual","race",11,"number"
"838","Vermont","white_annual","race",2423,"number"
"839","Vermont","black_state","race",0.013,"proportion"
"840","Vermont","hispanic_state","race",0.018,"proportion"
"841","Vermont","asian_state","race",0.016,"proportion"
"842","Vermont","native_american_state","race",0.004,"proportion"
"843","Vermont","white_state","race",0.933,"proportion"
"844","Vermont","black_pop_collected","race",0.036,"proportion"
"845","Vermont","asian_pop_collected","race",0.003,"proportion"
"846","Vermont","native_american_pop_collected","race",0.004,"proportion"
"847","Vermont","white_pop_collected","race",0.004,"proportion"
"848","Virginia","black_annual","race",0.505,"proportion"
"849","Virginia","hispanic_annual","race",0.024,"proportion"
"850","Virginia","white_annual","race",0.471,"proportion"
"851","Virginia","black_annual","race",6249,"number"
"852","Virginia","hispanic_annual","race",294,"number"
"853","Virginia","white_annual","race",5836,"number"
"854","Virginia","black_state","race",0.197,"proportion"
"855","Virginia","hispanic_state","race",0.09,"proportion"
"856","Virginia","asian_state","race",0.065,"proportion"
"857","Virginia","native_american_state","race",0.005,"proportion"
"858","Virginia","white_state","race",0.627,"proportion"
"859","Virginia","black_pop_collected","race",0.004,"proportion"
"860","Virginia","hispanic_pop_collected","race",4e-04,"proportion"
"861","Virginia","white_pop_collected","race",0.001,"proportion"
"862","Washington","black_annual","race",0.186,"proportion"
"863","Washington","hispanic_annual","race",0.144,"proportion"
"864","Washington","native_american_annual","race",0.052,"proportion"
"865","Washington","white_annual","race",0.619,"proportion"
"866","Washington","black_annual","race",1376,"number"
"867","Washington","hispanic_annual","race",1070,"number"
"868","Washington","native_american_annual","race",382,"number"
"869","Washington","white_annual","race",4585,"number"
"870","Washington","black_state","race",0.041,"proportion"
"871","Washington","hispanic_state","race",0.124,"proportion"
"872","Washington","asian_state","race",0.084,"proportion"
"873","Washington","native_american_state","race",0.019,"proportion"
"874","Washington","white_state","race",0.698,"proportion"
"875","Washington","black_pop_collected","race",0.005,"proportion"
"876","Washington","hispanic_pop_collected","race",0.001,"proportion"
"877","Washington","native_american_pop_collected","race",0.003,"proportion"
"878","Washington","white_pop_collected","race",0.001,"proportion"
"879","West_Virginia","black_annual","race",0.28,"proportion"
"880","West_Virginia","hispanic_annual","race",0.06,"proportion"
"881","West_Virginia","native_american_annual","race",0.01,"proportion"
"882","West_Virginia","white_annual","race",0.65,"proportion"
"883","West_Virginia","black_annual","race",955,"number"
"884","West_Virginia","hispanic_annual","race",205,"number"
"885","West_Virginia","native_american_annual","race",34,"number"
"886","West_Virginia","white_annual","race",2218,"number"
"887","West_Virginia","black_state","race",0.036,"proportion"
"888","West_Virginia","hispanic_state","race",0.015,"proportion"
"889","West_Virginia","asian_state","race",0.008,"proportion"
"890","West_Virginia","native_american_state","race",0.002,"proportion"
"891","West_Virginia","white_state","race",0.923,"proportion"
"892","West_Virginia","black_pop_collected","race",0.015,"proportion"
"893","West_Virginia","hispanic_pop_collected","race",0.008,"proportion"
"894","West_Virginia","native_american_pop_collected","race",0.009,"proportion"
"895","West_Virginia","white_pop_collected","race",0.001,"proportion"
"896","Wisconsin","black_annual","race",0.373,"proportion"
"897","Wisconsin","asian_annual","race",0.012,"proportion"
"898","Wisconsin","native_american_annual","race",0.051,"proportion"
"899","Wisconsin","white_annual","race",0.563,"proportion"
"900","Wisconsin","black_annual","race",3482,"number"
"901","Wisconsin","asian_annual","race",111,"number"
"902","Wisconsin","native_american_annual","race",478,"number"
"903","Wisconsin","white_annual","race",5253,"number"
"904","Wisconsin","black_state","race",0.066,"proportion"
"905","Wisconsin","hispanic_state","race",0.066,"proportion"
"906","Wisconsin","asian_state","race",0.028,"proportion"
"907","Wisconsin","native_american_state","race",0.011,"proportion"
"908","Wisconsin","white_state","race",0.819,"proportion"
"909","Wisconsin","black_pop_collected","race",0.009,"proportion"
"910","Wisconsin","asian_pop_collected","race",0.001,"proportion"
"911","Wisconsin","native_american_pop_collected","race",0.008,"proportion"
"912","Wisconsin","white_pop_collected","race",0.001,"proportion"
"913","Wyoming","black_annual","race",0.039,"proportion"
"914","Wyoming","hispanic_annual","race",0.144,"proportion"
"915","Wyoming","native_american_annual","race",0.077,"proportion"
"916","Wyoming","white_annual","race",0.74,"proportion"
"917","Wyoming","black_annual","race",129,"number"
"918","Wyoming","hispanic_annual","race",484,"number"
"919","Wyoming","native_american_annual","race",258,"number"
"920","Wyoming","white_annual","race",2482,"number"
"921","Wyoming","black_state","race",0.014,"proportion"
"922","Wyoming","hispanic_state","race",0.099,"proportion"
"923","Wyoming","asian_state","race",0.01,"proportion"
"924","Wyoming","native_american_state","race",0.027,"proportion"
"925","Wyoming","white_state","race",0.84,"proportion"
"926","Wyoming","black_pop_collected","race",0.016,"proportion"
"927","Wyoming","hispanic_pop_collected","race",0.008,"proportion"
"928","Wyoming","native_american_pop_collected","race",0.016,"proportion"
"929","Wyoming","white_pop_collected","race",0.005,"proportion"
